id,v1,v2,v3,v4,v5,v6,v7,v8,v9,v10,v11,v12,v13,v14,v15,v16,v17,v18,v19,v20,v21,v22,v23,v24
PPS-D-000007,0,0,0,0,0,0,0,0,,0,0,0,0,0,0,0,0,0,0,0,0,0,0,
PPS-D-000033,0,0,0,0,0,0,0,0,,0,0,0,0,0,0,0,0,0,0,0,0,0,0,
PPS-D-000063,0,0,0,0,0,0,0,0,,0,0,0,0,0,0,0,0,0,0,0,0,0,0,
PPS-D-000084,0,0,0,0,0,0,0,0,,0,0,0,0,0,0,0,0,0,0,0,0,0,0,
PPS-D-000091,1,0,0,0,0,0,0,0,,0,0,1,0,0,0,0,0,0,0,0,0,0,0,
PPS-D-000128,1,0,0,0,0,0,0,0,,0,0,0,0,0,0,0,0,0,0,0,0,0,0,
PPS-D-000152,0,0,0,0,0,0,0,0,,0,0,0,0,0,0,0,0,0,0,0,0,0,0,
PPS-D-000207,0,0,0,0,0,0,0,0,,0,0,0,0,0,0,0,0,0,0,0,0,0,0,
PPS-D-000220,0,0,0,0,0,0,1,0,,1,1,0,0,0,0,0,0,0,0,0,0,0,0,
PPS-D-000267,0,0,0,0,0,0,0,0,,0,0,0,0,0,0,0,0,1,0,0,0,0,0,
PPS-D-000322,0,0,0,0,0,0,0,0,,0,0,0,0,0,0,0,0,0,0,0,0,0,0,
PPS-D-000326,0,0,0,0,0,0,0,0,,0,0,0,0,0,0,0,0,0,0,0,0,0,0,
PPS-D-000347,0,0,0,0,0,0,0,0,,0,0,0,0,0,0,0,0,0,0,0,0,0,0,
PPS-D-000359,0,0,0,0,0,0,0,0,,0,0,0,0,0,0,0,0,1,0,0,0,0,0,
PPS-D-000387,0,0,0,0,0,0,0,0,,0,0,0,0,0,0,0,0,0,0,0,0,0,0,
PPS-D-000431,0,0,0,0,0,0,0,0,,0,0,0,0,0,0,1,0,0,0,0,0,0,0,
PPS-D-000441,0,0,0,0,0,0,0,0,,0,0,0,0,0,0,0,0,1,0,0,0,0,0,
PPS-D-000458,0,0,0,0,0,0,0,0,,0,0,0,0,0,0,0,0,0,0,0,0,0,0,
PPS-D-000516,0,0,0,0,0,0,0,0,,0,0,0,0,0,0,0,0,0,0,0,0,0,0,
PPS-D-000551,0,1,0,0,0,0,0,1,,0,0,0,0,0,0,0,0,0,0,0,0,0,0,
PPS-D-000566,0,0,0,0,0,0,0,0,,0,0,0,0,0,0,0,0,0,0,0,0,0,0,
PPS-D-000648,0,0,0,0,0,0,0,0,,0,0,0,0,0,0,0,0,0,0,0,0,0,0,
PPS-D-000705,0,0,0,0,0,0,0,0,,0,0,0,0,0,0,0,0,0,0,0,0,0,0,
PPS-D-000846,0,0,0,0,0,0,0,0,,0,0,0,0,0,0,0,0,0,0,0,0,0,0,
PPS-D-000863,0,0,0,0,0,0,0,0,,1,1,0,0,0,0,0,0,0,0,0,0,0,0,
PPS-D-000950,0,0,0,0,0,0,0,0,,0,0,0,0,0,0,0,0,0,0,0,0,0,0,
PPS-D-000958,0,0,0,0,0,0,0,0,,0,0,0,0,0,0,0,0,0,0,0,0,0,0,
PPS-D-000975,0,0,0,0,0,0,0,0,,0,0,0,0,0,0,0,1,0,0,0,0,0,0,
PPS-D-001080,0,0,0,0,0,0,0,0,,1,1,0,0,0,0,0,0,0,0,0,0,0,0,
PPS-D-001141,0,0,0,0,0,0,0,0,,0,0,0,0,0,0,0,0,0,0,0,0,0,0,
PPS-D-001147,0,0,0,0,0,0,0,0,,0,0,0,0,0,0,0,0,0,0,0,0,0,0,
PPS-D-001180,0,0,0,0,0,0,0,0,,0,0,0,0,0,0,0,0,0,0,0,0,0,0,
PPS-D-001235,0,0,0,0,0,0,0,0,,0,0,0,0,0,1,0,0,0,0,0,0,0,0,
PPS-D-001316,0,0,0,0,0,0,0,0,,0,0,0,0,0,0,0,0,0,0,0,0,0,0,
PPS-D-001369,0,0,0,0,0,0,0,0,,0,0,0,0,0,0,0,0,0,0,0,0,0,0,
PPS-D-001395,0,0,0,0,0,0,0,0,,1,1,0,0,0,0,0,0,0,0,0,0,0,0,
PPS-D-001523,0,0,0,0,0,0,0,0,,0,0,0,0,0,0,0,0,0,0,0,0,0,0,
PPS-D-001573,0,0,0,0,1,0,0,1,,1,1,0,0,0,0,0,0,0,0,1,0,0,0,
PPS-D-001627,0,0,0,0,0,0,0,0,,0,0,0,0,1,0,0,0,0,0,0,0,0,0,
PPS-D-001671,0,0,0,0,0,0,0,0,,0,0,0,0,0,0,0,0,0,0,0,0,0,0,
PPS-D-001714,0,0,0,0,0,0,0,0,,0,0,0,0,0,0,0,0,1,0,0,0,0,0,
PPS-D-001845,0,0,0,0,0,0,0,0,,0,0,0,0,0,0,0,0,1,0,0,0,0,0,
PPS-D-001898,0,0,0,0,0,0,0,0,,0,0,0,0,0,0,0,0,0,0,0,0,0,0,
PPS-D-001905,0,0,0,0,0,0,0,0,,0,0,0,0,0,0,0,0,0,0,0,0,0,0,
PPS-D-001923,1,0,0,0,0,0,0,0,,0,0,0,0,0,0,0,0,0,0,0,0,0,0,
PPS-D-001967,0,0,0,0,0,0,0,0,,0,0,0,0,0,0,0,0,0,0,0,0,0,0,
PPS-D-001968,0,0,0,0,0,0,1,0,,0,0,0,0,0,0,0,0,0,0,0,0,0,0,
PPS-D-002102,0,0,0,0,0,0,1,0,,0,0,0,0,0,0,0,0,0,0,0,0,0,0,
PPS-D-002346,0,0,0,0,0,0,1,0,,0,0,0,0,0,0,0,0,0,0,0,0,0,0,
PPS-D-002406,0,1,0,1,0,0,0,1,,0,1,0,0,0,0,0,0,0,0,0,0,0,0,
PPS-D-002442,0,0,0,0,0,0,0,0,,0,0,0,0,0,0,0,0,0,0,0,0,0,0,
PPS-D-002459,0,0,0,0,0,0,1,0,,0,0,0,0,0,0,0,0,0,0,0,0,0,0,
PPS-D-002587,0,0,0,0,0,0,0,0,,0,0,0,0,0,0,0,0,0,0,0,0,0,0,
PPS-D-002750,0,0,0,0,0,0,0,0,,0,0,0,0,0,0,0,0,0,0,0,0,0,0,
PPS-D-002771,0,0,0,0,0,0,0,0,,0,0,0,0,0,0,0,0,0,0,0,0,0,0,
PPS-D-002790,0,0,0,0,0,0,0,0,,0,0,0,0,0,0,0,0,0,0,0,0,0,0,
PPS-D-002829,0,0,0,0,0,0,0,0,,0,0,0,0,0,0,0,0,0,0,0,0,0,0,
PPS-D-002872,0,0,0,0,0,0,0,0,,0,0,0,0,0,0,0,0,0,0,0,0,0,0,
PPS-D-002873,0,0,0,0,0,0,0,0,,0,0,0,0,0,0,0,0,0,0,0,0,0,0,
PPS-D-003043,0,0,0,0,0,0,0,0,,0,0,0,0,0,0,0,0,0,0,0,0,0,0,
PPS-D-003049,0,0,0,0,0,0,0,0,,0,0,0,0,0,0,0,0,0,0,0,0,0,0,
PPS-D-003151,0,0,0,0,0,0,0,0,,0,0,0,0,0,0,0,0,0,0,0,0,0,0,
PPS-D-003153,1,0,0,0,0,0,1,0,,0,0,0,0,0,0,0,0,0,0,0,0,0,0,
PPS-D-003176,0,0,0,0,0,0,0,0,,0,0,0,0,0,0,0,0,0,0,0,0,0,0,
PPS-D-003177,0,0,0,0,0,0,0,0,,0,0,0,0,0,0,0,0,0,0,0,0,0,0,
PPS-D-003222,0,0,0,0,0,0,0,0,,0,0,0,0,0,0,0,0,1,0,0,0,0,0,
PPS-D-003235,0,0,0,0,0,0,0,0,,0,0,0,0,0,0,0,1,0,1,0,0,0,0,
PPS-D-003239,0,0,0,0,0,0,0,0,,0,0,0,0,0,0,0,0,0,0,0,0,0,0,
PPS-D-003242,0,0,0,0,0,0,0,0,,0,0,0,0,0,0,0,0,0,0,0,0,0,0,
PPS-D-003277,0,1,0,0,0,0,0,1,,0,0,0,0,0,0,0,0,0,0,0,0,0,0,
PPS-D-003333,0,0,0,0,0,0,0,0,,0,0,0,0,0,0,0,0,1,0,0,0,0,0,
PPS-D-003341,0,0,0,0,0,0,0,0,,0,0,0,1,0,0,0,0,0,0,0,0,0,0,
PPS-D-003348,0,0,0,0,0,0,0,0,,0,0,0,0,0,0,0,0,0,0,0,0,0,0,
PPS-D-003434,0,0,0,0,0,0,0,0,,0,0,0,0,0,0,0,0,0,0,0,0,0,0,
PPS-D-003446,0,0,0,0,0,0,0,0,,0,0,0,0,0,0,0,0,0,0,0,0,0,0,
PPS-D-003535,0,0,0,0,0,0,0,0,,0,0,0,0,0,0,0,0,0,0,0,0,0,0,
PPS-D-003604,0,0,0,0,0,0,0,0,,0,0,0,0,0,0,0,0,0,0,0,0,0,0,
PPS-D-003606,0,0,0,0,0,0,0,0,,0,0,0,0,0,0,0,0,0,0,0,0,0,0,
PPS-D-003636,0,0,0,0,0,0,0,0,,0,0,0,0,0,0,0,0,0,0,0,0,0,0,
PPS-D-003641,0,0,0,0,0,0,0,0,,0,0,0,0,0,0,0,0,0,0,0,0,0,0,
PPS-D-003776,0,0,0,0,0,0,0,0,,0,0,0,0,0,0,0,0,0,0,0,0,0,0,
PPS-D-003844,0,0,0,0,0,0,0,0,,0,0,0,0,0,0,0,0,0,0,0,0,0,0,
PPS-D-003917,0,0,0,0,0,0,0,0,,0,0,0,0,0,0,0,1,0,0,0,0,0,0,
PPS-D-004147,0,0,0,0,0,0,0,0,,0,0,0,0,0,0,0,0,0,0,0,0,0,0,
PPS-D-004264,0,0,0,0,0,0,0,0,,0,0,0,0,0,0,0,0,0,0,0,0,0,0,
PPS-D-004287,0,0,0,0,0,0,0,0,,0,0,0,0,0,0,0,0,0,0,0,0,0,0,
PPS-D-004290,0,0,0,0,0,0,0,0,,0,0,0,0,0,0,1,0,0,0,0,0,0,0,
PPS-D-004451,1,0,0,0,0,0,1,0,,0,0,0,0,0,0,0,1,0,0,0,0,0,0,
PPS-D-004486,0,0,0,0,0,0,0,0,,0,0,0,0,0,0,0,0,0,0,0,0,0,0,
PPS-D-004508,0,0,0,0,0,0,0,0,,0,0,0,1,0,0,0,0,0,0,0,0,0,0,
PPS-D-004517,0,0,0,0,0,0,0,0,,0,0,0,0,0,0,0,0,0,0,0,0,0,0,
PPS-D-004524,0,0,0,0,0,0,0,0,,0,0,0,0,0,0,0,0,0,0,0,0,0,0,
PPS-D-004593,0,0,0,0,0,0,0,0,,0,0,0,0,0,0,0,0,0,0,0,0,0,0,
PPS-D-004610,0,0,0,0,0,0,0,0,,1,1,0,0,0,0,0,0,0,0,0,0,0,0,
PPS-D-004702,0,0,0,0,0,0,0,0,,0,0,0,0,0,0,0,0,0,0,0,0,0,0,
PPS-D-004714,0,0,0,0,0,0,0,0,,0,0,0,0,0,0,0,0,0,0,0,0,0,0,
PPS-D-004766,0,0,0,0,0,0,0,0,,0,0,0,0,0,0,0,0,0,0,0,0,0,0,
PPS-D-004892,0,0,0,0,0,1,0,0,,0,0,0,0,0,0,0,0,0,0,0,0,0,0,
PPS-D-004985,0,0,0,0,0,0,0,0,,0,0,0,0,0,0,0,0,0,0,0,0,0,0,
PPS-D-005113,0,1,0,0,0,0,0,1,,0,0,0,0,0,0,0,0,0,0,0,0,0,0,
PPS-D-005154,0,0,0,0,0,0,0,0,,0,0,0,0,0,0,0,0,0,0,0,0,0,0,
PPS-D-005259,0,0,0,0,0,0,0,0,,0,0,0,0,0,0,0,0,0,0,0,0,0,0,
PPS-D-005290,0,0,0,0,0,0,0,0,,1,1,0,0,0,0,0,0,0,0,0,0,0,0,
PPS-D-005294,1,0,0,0,0,0,0,0,,0,0,0,0,0,0,0,0,0,0,0,0,0,0,
PPS-D-005330,0,0,0,0,0,0,0,0,,0,0,0,0,0,0,0,0,0,0,0,0,0,0,
PPS-D-005357,0,0,0,0,0,0,0,0,,0,0,0,0,0,0,0,0,0,0,0,0,0,0,
PPS-D-005374,0,0,0,0,0,0,0,0,,0,0,0,0,0,0,0,0,0,0,0,0,0,0,
PPS-D-005472,0,0,0,0,0,0,0,0,,0,0,0,0,0,0,0,0,0,0,0,0,0,0,
PPS-D-005489,0,0,0,0,0,0,0,0,,0,0,0,0,0,0,0,0,0,0,0,0,0,0,
PPS-D-005498,0,0,0,0,0,0,0,0,,0,0,0,0,0,0,0,0,0,0,0,0,0,0,
PPS-D-005499,0,0,0,0,0,0,0,0,,0,0,0,0,0,0,0,0,0,0,0,0,0,0,
PPS-D-005516,0,0,0,0,0,0,0,0,,0,0,0,0,0,0,0,0,0,0,0,0,0,0,
PPS-D-005620,0,0,0,0,0,0,0,0,,0,0,0,0,0,0,1,0,0,0,1,0,0,0,
PPS-D-005720,1,0,0,0,0,0,0,0,,0,0,0,0,0,0,0,0,0,0,0,0,0,0,
PPS-D-005721,0,0,0,0,0,0,0,0,,0,0,0,0,0,0,0,0,0,0,0,0,0,0,
PPS-D-005824,0,0,0,0,0,0,0,0,,0,0,0,1,0,0,0,0,0,0,0,0,0,0,
PPS-D-005890,0,0,0,0,0,0,0,0,,0,0,0,0,0,0,0,0,0,0,0,0,0,0,
PPS-D-005896,0,0,0,0,0,0,0,0,,0,0,0,0,0,0,0,0,0,0,0,0,0,0,
PPS-D-005901,0,0,0,0,0,0,0,0,,0,0,0,0,0,0,0,0,1,0,0,0,0,0,
PPS-D-005970,0,0,0,0,0,0,0,0,,1,1,0,0,0,0,0,0,0,0,0,0,0,0,
PPS-D-006051,0,0,0,0,0,0,0,0,,0,0,0,0,0,0,0,0,0,0,0,0,0,0,
PPS-D-006112,0,0,0,0,0,0,0,0,,0,0,0,0,0,0,0,0,1,0,0,0,0,0,
PPS-D-006117,0,0,0,0,0,0,0,0,,0,0,0,0,0,0,0,0,0,0,0,0,0,0,
PPS-D-006159,0,0,0,0,0,0,0,0,,0,0,0,0,0,1,0,0,0,0,0,0,0,0,
PPS-D-006165,0,0,0,0,0,0,0,0,,0,0,0,0,0,0,0,0,0,0,0,0,0,0,
PPS-D-006196,0,0,0,0,0,0,0,0,,0,0,0,0,0,0,0,0,0,0,0,0,0,0,
PPS-D-006208,0,0,0,0,0,0,0,0,,0,0,0,0,0,0,0,0,0,0,0,0,0,0,
PPS-D-006227,0,0,0,0,0,0,0,0,,0,0,0,0,0,0,0,1,0,0,1,0,0,0,
PPS-D-006236,0,0,0,0,0,0,0,0,,0,0,0,0,0,0,0,0,1,0,0,0,0,0,
PPS-D-006296,0,0,0,0,0,0,0,0,,0,0,0,0,0,0,0,0,1,0,0,0,0,0,
PPS-D-006321,0,0,0,0,0,0,0,0,,0,0,0,0,0,0,0,0,0,0,0,0,0,0,
PPS-D-006420,0,0,0,0,0,0,0,0,,0,0,0,0,0,0,0,0,0,0,0,0,0,0,
PPS-D-006428,0,0,0,0,0,0,0,0,,0,0,0,0,0,0,0,0,0,0,0,0,0,0,
PPS-D-006568,0,0,0,0,0,0,0,0,,0,0,0,0,0,0,0,0,0,0,0,0,0,0,
PPS-D-006592,0,0,0,0,0,0,0,0,,0,0,0,0,0,0,0,0,0,0,0,0,0,0,
PPS-D-006656,0,0,0,0,0,0,0,0,,0,0,0,0,0,0,0,0,0,0,0,0,0,0,
PPS-D-006664,0,0,0,0,0,0,0,0,,0,0,0,0,0,0,0,0,0,0,0,0,0,0,
PPS-D-006720,0,0,0,0,0,0,0,0,,0,0,0,0,0,0,0,0,0,0,0,0,0,0,
PPS-D-006731,1,0,0,0,0,0,0,0,,1,1,0,0,0,0,0,0,0,0,0,0,0,0,
PPS-D-006810,0,0,0,0,0,0,0,0,,0,0,0,0,0,0,0,0,0,0,0,0,0,0,
PPS-D-006974,0,0,0,0,0,0,0,0,,0,0,0,0,0,0,0,0,0,0,0,0,0,0,
PPS-D-007062,0,0,0,0,0,0,0,0,,0,0,0,0,0,0,0,0,0,0,0,0,0,0,
PPS-D-007070,0,0,0,0,0,0,0,0,,0,0,0,0,0,0,0,0,0,0,0,0,0,0,
PPS-D-007089,0,0,0,0,0,0,0,0,,0,0,0,0,0,0,0,0,0,0,0,0,0,0,
PPS-D-007133,0,0,0,0,0,0,0,0,,0,0,0,0,1,0,0,0,0,0,0,0,0,0,
PPS-D-007168,0,0,0,0,0,0,0,0,,0,0,0,0,0,0,0,0,0,0,0,0,0,0,
PPS-D-007190,0,0,0,0,0,0,0,0,,0,0,0,0,0,0,0,0,0,0,0,0,0,0,
PPS-D-007203,0,0,0,0,0,0,0,0,,0,0,0,0,0,0,0,0,0,0,0,0,0,0,
PPS-D-007247,0,0,0,0,0,0,0,0,,0,0,0,0,0,0,0,0,0,0,0,0,0,0,
PPS-D-007270,0,0,0,0,0,0,0,0,,0,0,0,0,0,0,0,0,0,0,0,0,0,0,
PPS-D-007307,0,0,0,0,0,0,0,0,,0,0,0,0,0,0,0,0,0,0,0,0,0,0,
PPS-D-007321,0,0,0,0,0,0,0,0,,0,0,0,0,1,0,0,0,0,0,0,0,0,0,
PPS-D-007375,0,0,0,0,0,0,0,0,,0,0,0,0,0,0,0,0,0,0,0,0,0,0,
PPS-D-007481,0,0,0,0,0,0,0,0,,0,0,0,0,0,0,0,0,0,0,0,0,0,0,
PPS-D-007591,0,0,0,0,0,0,0,0,,0,0,0,0,0,0,0,0,0,0,0,0,0,0,
PPS-D-007636,0,0,0,0,0,0,0,0,,0,0,0,0,0,0,0,0,0,0,0,0,0,0,
PPS-D-007655,0,0,0,0,0,0,0,0,,0,0,0,0,0,0,0,0,0,0,0,0,0,0,
PPS-D-007660,0,0,0,0,0,0,0,0,,0,0,0,0,0,0,0,0,0,0,0,0,0,0,
PPS-D-007699,0,0,0,0,0,0,0,0,,0,0,0,0,0,0,0,0,0,0,0,0,0,0,
PPS-D-007727,0,0,0,0,0,0,0,0,,0,0,0,0,0,0,0,0,0,0,0,0,0,0,
PPS-D-007828,0,0,0,0,0,0,0,0,,0,0,0,0,0,0,0,0,0,0,0,0,0,0,
PPS-D-007858,0,0,0,0,0,0,0,0,,0,0,0,0,0,0,0,0,0,0,0,0,0,0,
PPS-D-007868,0,0,0,0,0,0,0,0,,0,0,0,0,0,0,0,0,0,0,0,0,0,0,
PPS-D-007959,0,0,0,0,0,0,0,0,,0,0,0,0,0,0,0,0,0,0,0,0,0,0,
PPS-D-008048,0,0,0,0,0,0,0,0,,0,0,0,0,0,0,0,0,0,0,0,0,0,0,
PPS-D-008134,0,0,0,0,0,0,0,0,,0,0,0,0,0,0,0,0,1,0,0,0,0,0,
PPS-D-008156,0,0,0,0,0,0,0,0,,0,0,0,0,0,0,0,0,1,0,0,0,0,0,
PPS-D-008184,0,0,0,0,0,0,0,0,,0,0,0,1,0,0,0,0,0,0,1,0,0,0,
PPS-D-008285,0,0,0,0,0,0,0,0,,0,0,0,0,0,0,0,0,0,0,0,0,0,0,
PPS-D-008416,0,0,0,0,0,0,0,0,,0,0,0,0,0,0,0,1,0,0,0,0,0,0,
PPS-D-008419,0,0,0,0,0,0,0,0,,0,0,0,0,0,0,0,0,0,0,0,0,0,0,
PPS-D-008459,0,0,0,0,0,0,0,0,,0,0,0,0,0,0,0,0,0,0,0,0,0,0,
PPS-D-008467,0,0,0,0,0,0,0,0,,1,1,0,0,0,0,0,0,0,0,0,0,0,0,
PPS-D-008548,0,0,0,0,0,0,0,0,,0,0,0,0,0,0,0,0,0,0,0,0,0,0,
PPS-D-008592,0,0,0,0,0,0,0,0,,0,0,0,0,0,0,0,0,0,0,0,0,0,0,
PPS-D-008660,0,0,0,0,0,0,1,0,,0,0,0,0,0,0,0,0,0,0,0,0,0,0,
PPS-D-008699,0,0,0,0,0,0,0,0,,0,0,0,0,0,0,1,0,0,0,0,0,0,0,
PPS-D-008709,0,0,0,0,0,0,0,0,,0,0,0,0,0,0,0,0,0,0,0,0,0,0,
PPS-D-008729,0,0,0,0,0,0,0,0,,0,0,0,0,0,0,0,0,0,0,0,0,0,0,
PPS-D-008864,0,0,0,0,0,0,0,0,,0,0,0,0,0,0,0,0,0,0,0,0,0,0,
PPS-D-008896,0,0,0,0,0,0,0,0,,0,0,0,0,0,0,0,0,0,0,0,0,0,0,
PPS-D-008979,0,0,0,0,0,0,0,0,,0,0,0,0,0,0,0,0,0,0,0,0,0,0,
PPS-D-008984,0,0,0,0,0,0,0,0,,0,0,0,0,0,0,0,0,1,0,0,0,0,0,
PPS-D-009086,0,0,0,0,0,0,0,0,,0,0,0,0,0,0,0,0,0,0,0,0,0,0,
PPS-D-009146,0,0,0,0,0,0,0,0,,0,0,0,0,0,0,0,0,0,0,0,0,0,0,
PPS-D-009185,0,0,0,0,0,0,0,0,,0,0,0,0,0,0,0,0,0,0,0,0,0,0,
PPS-D-009300,0,0,0,0,0,0,0,0,,0,0,0,0,0,0,1,0,0,0,0,0,0,0,
PPS-D-009422,0,0,0,1,0,0,0,0,,0,0,0,0,0,0,0,0,0,0,1,0,0,0,
PPS-D-009536,0,0,0,0,0,0,0,0,,0,0,0,0,0,0,0,0,0,0,0,0,0,0,
PPS-D-009587,0,0,0,0,0,0,0,0,,0,0,0,0,0,0,0,0,0,0,0,0,0,0,
PPS-D-009627,0,0,0,0,0,0,0,0,,0,0,0,0,0,0,0,0,0,0,0,0,0,0,
PPS-D-009688,0,0,0,0,0,0,0,0,,0,0,0,0,0,0,0,0,0,0,0,0,0,0,
PPS-D-009858,0,0,0,0,0,0,0,0,,0,0,0,0,0,0,0,0,0,0,0,0,0,0,
PPS-D-009874,0,0,0,0,0,0,0,0,,0,0,0,0,0,0,0,0,0,0,0,0,0,0,
PPS-D-009932,0,0,0,0,0,0,0,0,,0,0,0,0,0,0,0,0,1,0,0,0,0,0,
PPS-D-009954,0,0,0,0,0,0,0,0,,0,0,0,0,0,0,0,0,0,0,0,0,0,0,
PPS-D-009991,0,0,0,0,0,0,0,0,,1,1,0,0,0,0,0,0,0,0,0,0,0,0,
PPS-D-010185,0,0,0,0,0,0,0,0,,0,0,0,0,0,0,0,0,0,0,0,0,0,0,
PPS-D-010209,0,0,0,0,0,0,0,0,,0,0,0,0,0,0,0,0,0,0,0,0,0,0,
PPS-D-010470,0,0,0,0,0,0,0,0,,0,0,0,0,0,0,0,0,0,0,0,0,0,0,
PPS-D-010491,0,0,0,0,0,0,0,0,,0,0,0,0,0,0,0,0,0,0,0,0,0,0,
PPS-D-010640,0,1,0,0,0,0,0,0,,0,0,0,0,0,0,0,0,0,0,0,0,0,0,
PPS-D-010693,0,0,0,0,0,0,0,0,,0,0,0,0,0,0,0,0,0,0,1,0,0,0,
PPS-D-010707,0,0,0,0,0,0,0,0,,0,0,0,0,0,0,0,0,0,0,0,0,0,0,
PPS-D-010795,0,0,0,0,0,0,0,0,,0,0,0,0,0,0,0,0,0,0,0,0,0,0,
PPS-D-010798,0,0,0,0,0,0,0,0,,0,0,0,0,0,0,0,0,0,0,0,0,0,0,
PPS-D-010846,0,0,0,0,0,0,0,0,,0,0,0,0,0,0,0,0,0,0,0,0,0,0,
PPS-D-010876,0,0,0,0,0,0,0,0,,0,0,0,0,0,0,0,0,0,0,0,0,0,0,
PPS-D-011008,0,0,0,0,0,0,0,0,,0,0,0,0,0,0,0,0,0,0,0,0,0,0,
PPS-D-011076,0,0,0,0,0,0,0,0,,0,0,0,0,0,0,0,0,0,0,0,0,0,0,
PPS-D-011341,1,0,0,0,0,0,0,0,,0,0,0,0,0,0,0,0,0,0,0,0,0,0,
PPS-D-011355,0,0,0,0,0,0,0,0,,0,0,0,0,0,0,0,0,0,0,0,0,0,0,
PPS-D-011366,0,0,0,0,0,0,0,0,,0,0,0,0,0,0,0,0,0,0,0,0,0,0,
PPS-D-011456,0,0,0,0,0,0,0,0,,1,0,0,0,0,0,0,0,0,0,0,0,0,0,
PPS-D-011584,0,0,0,0,0,0,0,0,,0,0,0,0,0,0,0,0,0,0,0,0,0,0,
PPS-D-011597,0,0,0,0,0,0,1,0,,0,0,0,0,0,0,0,0,0,0,0,0,0,0,
PPS-D-011610,0,0,0,0,0,0,0,0,,0,0,0,0,0,0,0,0,0,0,0,0,0,0,
PPS-D-011635,0,0,0,0,0,0,0,0,,0,0,0,0,0,0,0,0,0,0,0,0,0,0,
PPS-D-011668,0,0,0,0,0,0,0,0,,0,0,0,0,0,0,0,0,0,0,0,0,0,0,
PPS-D-011674,0,0,0,0,0,0,0,0,,0,0,0,0,0,0,0,0,0,0,0,0,0,0,
PPS-D-011767,0,0,0,0,0,0,0,0,,0,0,0,0,0,0,0,0,0,0,0,0,0,0,
PPS-D-011782,0,0,0,0,0,0,0,0,,0,0,0,0,0,0,1,0,0,0,0,0,0,0,
PPS-D-011818,0,0,0,0,0,0,0,0,,0,0,0,0,0,0,0,0,0,0,0,0,0,0,
PPS-D-011893,0,0,0,0,0,0,0,0,,0,0,0,0,0,0,0,0,0,0,0,0,0,0,
PPS-D-011969,0,0,0,0,0,0,0,0,,0,0,0,0,0,0,0,0,0,0,0,0,0,0,
PPS-D-012055,0,0,0,0,0,0,0,0,,0,0,0,0,0,0,0,0,1,0,0,0,0,0,
PPS-D-012073,0,0,0,0,0,0,0,0,,0,0,0,0,0,0,0,0,0,0,0,0,0,0,
PPS-D-012149,0,0,0,0,0,0,0,0,,0,0,0,0,0,0,0,0,0,0,0,0,0,0,
PPS-D-012274,0,0,0,0,0,0,0,0,,0,0,0,0,0,0,0,0,0,0,0,0,0,0,
PPS-D-012405,0,0,0,0,0,0,0,0,,0,0,0,0,0,0,0,0,0,0,0,0,0,0,
PPS-D-012435,0,0,0,0,0,0,0,0,,0,0,0,0,0,0,0,0,0,0,0,0,0,0,
PPS-D-012520,1,0,0,0,0,0,0,0,,0,0,0,0,0,0,0,0,0,0,0,0,0,0,
PPS-D-012534,0,0,0,0,0,0,0,0,,0,0,0,0,0,0,0,0,0,0,0,0,0,0,
PPS-D-012664,0,0,0,0,0,0,0,0,,0,0,0,1,0,0,0,0,0,0,0,0,0,0,
PPS-D-012727,0,0,0,0,0,0,0,0,,0,0,0,0,0,0,0,0,0,0,0,0,0,0,
PPS-D-012735,0,0,0,0,0,0,0,0,,0,0,0,0,0,0,0,0,0,0,0,0,0,0,
PPS-D-012760,0,0,0,0,0,0,0,0,,0,0,0,0,0,0,0,0,0,0,0,0,0,0,
PPS-D-012813,0,0,0,0,0,0,0,0,,0,0,0,0,0,0,0,0,1,0,0,0,0,0,
PPS-D-012821,0,0,0,0,0,0,0,0,,0,0,0,0,0,0,0,0,0,0,0,0,0,0,
PPS-D-012854,0,0,0,0,0,0,0,0,,0,0,0,0,0,0,0,0,0,0,0,0,0,0,
PPS-D-012864,0,0,0,0,0,0,0,0,,0,0,0,0,0,0,0,0,0,0,0,0,0,0,
PPS-D-012896,0,0,0,0,0,0,0,0,,0,0,0,0,0,0,0,0,0,0,0,0,0,0,
PPS-D-012906,0,0,0,0,0,0,0,0,,0,0,0,0,0,0,0,0,0,0,0,0,0,0,
PPS-D-012976,0,0,0,0,0,0,0,0,,0,0,0,0,0,0,0,0,0,0,0,0,0,0,
PPS-D-013007,0,0,0,0,0,0,0,0,,0,0,0,0,0,0,0,0,0,0,0,0,0,0,
PPS-D-013026,0,0,0,0,0,0,0,0,,0,0,0,0,0,0,0,0,0,0,1,0,0,0,
PPS-D-013057,0,0,0,0,0,0,0,0,,0,0,0,0,0,0,0,0,0,0,0,0,0,0,
PPS-D-013088,0,0,0,0,0,0,0,0,,0,0,0,0,0,0,0,0,0,0,0,0,0,0,
PPS-D-013123,0,0,0,0,0,0,0,0,,0,0,0,0,0,0,0,0,0,0,0,0,0,0,
PPS-D-013130,0,0,0,0,0,0,0,0,,0,0,0,0,0,0,0,0,0,0,0,0,0,0,
PPS-D-013155,0,0,0,0,0,0,0,0,,0,0,0,0,0,0,0,0,0,0,0,0,0,0,
PPS-D-013172,0,0,0,0,0,0,0,0,,0,0,0,0,0,0,0,0,0,0,0,0,0,0,
PPS-D-013221,0,0,0,0,0,0,0,0,,0,0,0,0,0,0,0,0,0,0,0,0,0,0,
PPS-D-013268,0,0,0,0,0,0,0,0,,0,0,0,0,0,0,0,0,1,0,0,0,0,0,
PPS-D-013357,0,0,0,0,0,0,0,0,,0,0,0,0,0,0,0,0,0,0,0,0,0,0,
PPS-D-013397,0,0,0,0,0,0,0,0,,0,0,0,0,0,0,0,0,0,0,0,0,0,0,
PPS-D-013442,0,0,0,0,0,0,0,0,,0,0,0,0,0,0,0,0,1,0,0,0,0,0,
PPS-D-013460,0,0,0,0,0,0,0,0,,0,0,0,0,0,0,0,0,0,0,0,0,0,0,
PPS-D-013607,1,0,0,0,0,0,0,0,,0,0,0,0,0,0,0,0,0,0,0,0,0,0,
PPS-D-013620,0,0,0,0,0,0,0,0,,0,0,0,0,0,0,0,0,0,0,0,0,0,0,
PPS-D-013710,0,0,0,0,0,0,0,0,,0,0,0,0,0,0,0,0,0,0,0,0,0,0,
PPS-D-013737,0,0,0,0,0,0,0,0,,1,0,0,0,0,0,0,0,0,0,0,0,0,0,
PPS-D-013784,0,0,0,0,0,0,0,0,,0,0,0,0,0,0,0,0,0,0,0,0,0,0,
PPS-D-013949,0,0,0,0,0,0,0,0,,0,0,0,0,0,0,0,0,0,0,0,0,0,0,
PPS-D-013963,0,0,0,0,0,0,0,0,,0,0,0,0,0,0,0,0,0,0,0,0,0,0,
PPS-D-013964,0,0,0,0,0,0,0,0,,0,0,0,0,0,0,0,0,0,0,0,0,0,0,
PPS-D-013971,0,0,0,0,0,1,0,0,,0,0,0,0,0,0,0,0,0,0,0,0,0,0,
PPS-D-014044,0,0,0,0,0,0,0,0,,0,0,0,0,0,0,0,0,0,0,0,0,0,0,
PPS-D-014086,0,0,0,0,0,0,0,0,,0,0,0,0,0,0,0,0,0,0,0,0,0,0,
PPS-D-014104,0,0,0,0,0,0,0,0,,0,0,0,0,0,0,0,0,0,0,0,0,0,0,
PPS-D-014125,0,0,0,0,0,0,0,0,,0,0,0,0,0,0,0,0,0,0,1,0,0,0,
PPS-D-014152,0,0,0,0,0,0,0,0,,0,0,0,0,0,0,0,0,0,0,0,0,0,0,
PPS-D-014160,0,0,0,0,0,0,0,0,,0,0,0,0,0,0,0,0,0,0,0,0,0,0,
PPS-D-014263,0,0,0,0,0,0,0,0,,0,0,0,0,0,0,0,0,0,0,0,0,0,0,
PPS-D-014330,0,0,0,0,0,0,0,0,,0,0,0,0,0,0,0,0,0,0,0,0,0,0,
PPS-D-014346,0,0,0,0,0,0,0,0,,0,0,0,0,0,0,0,0,0,0,0,0,0,0,
PPS-D-014390,0,0,0,0,0,0,0,0,,0,0,0,0,0,0,0,0,0,0,0,0,0,0,
PPS-D-014394,0,0,0,0,0,0,0,0,,0,0,0,0,0,0,0,0,0,0,0,0,0,0,
PPS-D-014423,1,0,0,0,0,0,0,0,,0,0,0,0,0,0,0,0,0,0,0,0,0,0,
PPS-D-014476,0,0,0,0,0,0,0,0,,0,0,0,0,0,0,0,0,0,0,0,0,0,0,
PPS-D-014494,0,0,0,0,0,0,0,0,,0,0,0,0,0,0,0,0,0,0,0,0,0,0,
PPS-D-014512,0,0,0,0,0,0,0,0,,0,0,0,0,0,0,0,0,0,0,0,0,0,0,
PPS-D-014535,0,0,0,0,0,0,1,0,,1,0,0,0,0,0,0,0,0,0,0,0,0,0,
PPS-D-014741,0,0,0,0,0,0,0,0,,0,0,1,0,0,0,0,0,0,0,0,0,0,0,
PPS-D-014757,0,0,0,0,0,0,0,0,,0,0,0,0,0,0,0,0,0,0,0,0,0,0,
PPS-D-014771,0,0,0,0,0,0,0,0,,0,0,0,0,0,0,0,0,0,0,0,0,0,0,
PPS-D-014865,0,0,0,0,0,0,0,0,,0,0,0,0,0,0,0,0,0,0,0,0,0,0,
PPS-D-014885,0,0,0,0,0,0,0,0,,0,0,0,0,0,0,0,0,1,0,0,0,0,0,
PPS-D-014895,0,0,0,0,0,0,0,0,,0,0,0,0,0,0,0,0,0,0,0,0,0,0,
PPS-D-015001,0,0,0,0,0,1,0,0,,0,0,0,0,0,1,0,0,0,0,0,0,0,0,
PPS-D-015005,0,0,0,0,0,0,0,0,,0,0,0,0,0,0,0,0,1,0,0,0,0,0,
PPS-D-015024,0,0,0,0,0,0,0,0,,0,0,0,0,0,0,0,0,1,1,0,0,0,0,
PPS-D-015040,0,0,0,0,0,0,0,0,,0,0,0,0,0,0,0,0,0,0,0,0,0,0,
PPS-D-015085,0,0,0,0,0,0,0,0,,0,0,0,0,0,0,0,0,0,0,0,0,0,0,
PPS-D-015088,0,0,0,0,0,0,1,0,,0,0,0,0,0,0,0,0,0,0,0,0,0,0,
PPS-D-015200,0,0,0,0,0,0,0,0,,0,0,0,0,0,0,0,0,0,0,0,0,0,0,
PPS-D-015208,0,0,0,0,0,0,0,0,,1,0,0,0,0,0,0,0,0,0,1,0,0,0,
PPS-D-015315,0,0,0,0,0,0,0,0,,0,0,0,0,0,0,0,0,0,0,0,0,0,0,
PPS-D-015349,0,0,0,0,0,0,0,0,,0,0,0,0,1,0,0,0,0,0,0,0,0,0,
PPS-D-015406,0,0,0,0,0,0,0,0,,0,0,0,0,0,0,0,0,0,0,0,0,0,0,
PPS-D-015409,0,0,0,0,0,0,0,0,,0,0,0,0,0,0,0,0,0,0,0,0,0,0,
PPS-D-015411,0,0,0,0,0,0,0,0,,0,0,0,0,0,0,0,0,0,0,0,0,0,0,
PPS-D-015443,0,0,0,0,0,0,0,0,,0,0,0,0,0,0,0,0,0,0,0,0,0,0,
PPS-D-015527,0,0,0,0,0,0,0,0,,0,0,0,0,0,0,0,0,0,0,0,0,0,0,
PPS-D-015602,1,0,0,0,0,0,0,0,,0,0,0,0,0,0,0,0,1,0,0,0,0,0,
PPS-D-015680,0,0,0,0,0,0,0,0,,0,0,0,0,0,0,0,0,0,0,0,0,0,0,
PPS-D-015781,0,0,0,0,0,0,0,0,,0,0,0,0,0,0,0,0,0,0,0,0,0,0,
PPS-D-015828,0,0,0,0,0,0,0,0,,0,0,0,0,0,0,0,0,0,0,0,0,0,0,
PPS-D-015978,0,0,0,0,0,0,0,0,,0,0,0,0,0,0,0,0,0,0,0,0,0,0,
PPS-D-016040,0,0,0,0,0,0,0,0,,0,0,0,0,0,0,0,0,1,0,0,0,0,0,
PPS-D-016045,0,0,0,0,0,0,0,0,,0,0,0,0,0,0,0,0,0,0,0,0,0,0,
PPS-D-016055,0,0,0,0,0,0,0,0,,0,0,0,0,0,0,0,0,0,0,0,0,0,0,
PPS-D-016056,0,0,0,0,0,0,0,0,,0,0,0,0,0,0,0,0,0,0,0,0,0,0,
PPS-D-016061,0,0,0,0,0,0,0,0,,0,0,0,0,0,0,0,0,0,0,0,0,0,0,
PPS-D-016125,0,0,0,0,0,0,0,0,,0,0,0,0,0,0,0,0,0,0,0,0,0,0,
PPS-D-016244,1,0,0,0,0,0,0,0,,0,0,0,0,0,0,0,0,0,0,0,0,0,0,
PPS-D-016295,0,0,1,0,1,0,0,1,,0,0,0,0,0,0,0,0,0,0,0,0,0,0,
PPS-D-016313,0,0,0,0,0,0,0,0,,0,0,0,0,0,0,1,0,0,0,0,0,0,0,
PPS-D-016333,0,0,0,0,0,0,0,0,,0,0,1,0,0,0,0,0,0,0,0,0,0,0,
PPS-D-016371,0,0,0,0,0,0,0,0,,0,0,0,0,0,0,0,0,0,0,0,0,0,0,
PPS-D-016562,0,0,0,0,0,0,0,0,,0,0,0,0,0,0,0,0,0,0,0,0,0,0,
PPS-D-016714,0,0,0,0,0,0,0,0,,0,0,0,0,0,0,0,0,0,0,0,0,0,0,
PPS-D-016852,0,0,0,0,0,0,0,0,,0,0,0,0,0,0,0,0,0,0,0,0,0,0,
PPS-D-016938,0,0,0,0,0,0,0,0,,0,0,0,0,0,0,0,0,0,0,0,0,0,0,
PPS-D-016970,0,1,0,0,0,0,0,0,,0,0,0,0,0,0,0,0,0,0,0,0,0,0,
PPS-D-017117,0,0,0,0,0,0,0,0,,0,0,0,0,0,0,0,0,0,0,0,0,0,0,
PPS-D-017204,0,0,0,0,0,0,0,0,,0,0,0,0,0,0,0,0,0,0,0,0,0,0,
PPS-D-017298,0,0,0,0,0,0,0,0,,0,0,0,0,0,0,0,0,0,0,0,0,0,0,
PPS-D-017381,0,0,0,0,0,0,0,0,,0,0,0,0,0,0,0,0,0,0,0,0,0,0,
PPS-D-017408,0,0,0,0,0,0,0,0,,0,0,0,0,0,0,0,0,0,0,0,0,0,0,
PPS-D-017481,0,0,0,0,0,0,0,0,,0,0,0,0,0,0,0,0,0,0,0,0,0,0,
PPS-D-017485,0,0,0,0,0,0,0,0,,0,0,0,0,0,0,0,0,0,0,0,0,0,0,
PPS-D-017562,0,0,0,0,0,0,0,0,,0,0,0,0,0,0,0,0,0,0,0,0,0,0,
PPS-D-017708,0,0,0,0,0,0,0,0,,0,0,0,0,0,0,0,0,0,0,0,0,0,0,
PPS-D-017738,0,0,0,0,0,0,0,0,,0,0,0,0,0,0,0,0,0,0,0,0,0,0,
PPS-D-017750,0,0,0,0,0,0,0,0,,0,0,0,0,0,0,0,0,1,0,0,0,0,0,
PPS-D-017783,0,0,0,0,0,0,0,0,,0,0,0,0,0,0,0,0,0,0,0,0,0,0,
PPS-D-018032,0,0,0,0,0,0,0,0,,0,0,0,0,0,0,0,0,0,0,0,0,0,0,
PPS-D-018036,0,0,0,0,0,0,0,0,,0,0,0,0,0,0,0,0,0,0,0,0,0,0,
PPS-D-018126,0,0,0,0,0,0,0,0,,0,0,0,0,0,0,0,0,0,0,0,0,0,0,
PPS-D-018132,0,1,0,0,0,0,0,0,,1,0,0,0,0,0,0,1,0,0,1,0,0,0,
PPS-D-018143,0,0,0,0,0,0,0,0,,0,0,0,0,0,0,0,0,0,0,0,0,0,0,
PPS-D-018161,1,0,0,0,0,0,0,0,,0,0,0,0,0,0,0,0,0,0,0,0,0,0,
PPS-D-018166,0,0,0,0,1,0,0,0,,0,0,0,0,0,0,0,0,0,0,1,0,0,0,
PPS-D-018208,0,0,0,0,0,0,0,0,,1,1,0,0,0,0,0,0,0,0,0,0,0,0,
PPS-D-018324,0,1,0,0,0,0,0,0,,1,0,0,0,0,0,0,1,0,0,0,0,0,0,
PPS-D-018333,1,0,0,0,0,0,0,0,,0,0,0,0,0,0,0,0,0,1,0,0,0,0,
PPS-D-018444,0,0,0,0,0,0,0,0,,0,0,0,0,0,0,0,0,0,0,0,0,0,0,
PPS-D-018472,0,0,0,0,0,0,0,0,,1,0,0,1,0,0,0,0,0,0,0,0,0,0,
PPS-D-018481,0,0,0,0,0,0,0,0,,0,0,0,0,0,0,0,0,0,0,0,0,0,0,
PPS-D-018485,0,0,0,0,0,0,0,0,,0,0,0,0,0,0,0,0,0,0,1,0,0,0,
PPS-D-018493,0,0,0,0,0,0,0,0,,0,0,0,0,0,0,0,0,0,0,1,0,0,0,
PPS-D-018528,0,1,0,0,0,0,0,1,,0,0,0,0,0,0,0,0,0,0,0,0,0,0,
PPS-D-018578,1,0,0,1,0,0,0,0,,0,0,0,0,0,0,0,0,1,0,0,0,0,0,
PPS-D-018784,0,0,0,0,0,0,0,0,,0,0,0,0,0,0,0,0,0,0,0,0,0,0,
PPS-D-019090,0,0,0,0,0,0,0,0,,0,0,0,0,0,0,0,0,0,0,0,0,0,0,
PPS-D-019237,0,0,0,0,0,0,0,0,,0,0,0,0,0,0,0,0,0,0,0,0,0,0,
PPS-D-019283,0,0,0,0,0,0,0,0,,0,0,0,0,0,0,0,0,0,0,0,0,0,0,
PPS-D-019313,1,0,0,0,0,0,0,0,,0,0,0,0,0,0,0,0,0,0,0,0,0,0,
PPS-D-019406,0,0,0,0,0,0,0,0,,0,0,0,0,0,0,0,0,0,0,0,0,0,0,
PPS-D-019412,0,0,0,0,0,0,0,0,,0,0,0,0,0,0,0,0,0,0,0,0,0,0,
PPS-D-019455,0,0,0,0,0,0,0,0,,0,0,0,0,0,0,0,0,0,0,0,0,0,0,
PPS-D-019474,0,0,0,0,0,0,0,0,,0,0,0,0,0,0,0,0,0,0,0,0,0,0,
PPS-D-019489,0,0,0,0,0,0,0,0,,0,0,0,1,0,0,0,0,0,0,1,0,0,0,
PPS-D-019509,0,0,0,0,0,0,0,0,,0,0,0,0,0,0,0,0,0,0,0,0,0,0,
PPS-D-019582,0,0,0,0,0,0,0,0,,0,0,0,0,0,0,0,0,0,0,0,0,0,0,
PPS-D-019618,0,0,0,0,0,0,0,0,,0,0,0,0,0,0,0,0,0,0,0,0,0,0,
PPS-D-019637,0,0,0,0,0,0,0,0,,0,0,0,0,0,0,0,0,0,0,0,0,0,0,
PPS-D-019704,0,0,0,0,0,0,0,0,,0,0,0,0,0,0,0,0,0,0,0,0,0,0,
PPS-D-019759,0,0,0,0,0,0,0,0,,0,0,0,0,0,0,0,0,1,0,0,0,0,0,
PPS-D-019835,0,0,0,0,0,0,0,0,,0,0,0,0,0,0,0,0,1,0,0,0,0,0,
PPS-D-019976,0,0,0,0,0,0,0,0,,0,0,0,0,0,0,0,0,0,0,0,0,0,0,
PPS-D-020157,0,0,0,0,0,0,0,0,,1,0,0,0,0,0,0,1,0,0,0,0,0,0,
PPS-D-020253,0,0,0,0,0,0,0,0,,0,0,0,0,0,0,0,0,0,0,1,0,0,0,
PPS-D-020363,0,0,0,0,0,0,0,0,,0,0,0,0,0,0,0,0,0,0,0,0,0,0,
PPS-D-020427,0,0,0,0,0,0,0,0,,0,0,1,0,0,0,0,0,0,0,0,0,0,0,
PPS-D-020445,0,0,0,0,0,0,0,0,,0,0,0,0,0,0,0,0,0,0,0,0,0,0,
PPS-D-020449,0,0,0,0,0,0,0,0,,0,0,0,0,0,0,0,0,0,0,0,0,0,0,
PPS-D-020572,0,0,0,0,0,0,0,0,,0,0,0,0,0,0,0,0,0,0,0,0,0,0,
PPS-D-020669,0,0,0,0,0,0,0,0,,0,0,0,0,0,0,0,0,0,0,0,0,0,0,
PPS-D-020843,0,0,0,0,0,0,0,0,,0,0,0,0,0,0,0,0,0,0,0,0,0,0,
PPS-D-020873,0,0,0,0,0,0,0,0,,0,0,0,0,0,0,0,0,0,0,0,0,0,0,
PPS-D-020948,0,0,0,0,0,0,0,0,,0,0,0,0,0,0,0,0,0,0,0,0,0,0,
PPS-D-020983,0,0,0,0,0,0,0,0,,0,0,1,0,0,0,0,0,0,0,0,0,0,0,
PPS-D-021005,0,0,0,0,0,0,0,0,,0,0,0,0,0,0,0,0,0,0,0,0,0,0,
PPS-D-021030,0,0,0,0,0,0,0,0,,0,0,0,0,0,0,0,0,0,0,0,0,0,0,
PPS-D-021136,1,0,0,0,0,0,0,0,,0,0,0,0,0,0,0,0,1,0,0,0,0,0,
PPS-D-021166,0,0,0,0,0,0,0,0,,0,0,0,0,0,0,0,1,0,0,0,0,0,0,
PPS-D-021224,0,0,0,0,0,0,0,0,,0,0,0,0,0,0,0,0,1,1,0,0,0,0,
PPS-D-021326,0,0,0,0,0,0,0,0,,0,0,0,0,0,0,0,0,0,0,0,0,0,0,
PPS-D-021333,0,0,0,0,0,0,0,0,,0,0,0,0,0,0,0,0,0,0,0,0,0,0,
PPS-D-021430,0,0,0,0,0,0,0,0,,0,0,0,0,0,0,0,0,0,0,0,0,0,0,
PPS-D-021586,0,0,0,0,0,0,0,0,,0,0,0,0,0,0,0,0,0,0,0,0,0,0,
PPS-D-021597,0,0,0,0,0,0,0,0,,0,0,0,0,0,0,0,0,0,1,0,0,0,0,
PPS-D-021680,0,0,0,0,0,0,0,0,,0,0,0,0,0,0,0,0,0,0,0,0,0,0,
PPS-D-021690,1,0,0,0,0,0,0,0,,0,0,0,0,0,0,0,0,0,0,0,0,0,0,
PPS-D-021776,0,0,0,0,0,0,0,0,,0,0,0,0,0,0,0,0,0,0,0,0,0,0,
PPS-D-021838,0,0,0,0,0,0,0,0,,0,0,0,0,0,0,0,0,0,0,0,0,0,0,
PPS-D-021939,0,0,0,0,0,0,0,0,,0,0,0,0,0,0,0,0,0,0,1,0,0,0,
PPS-D-021992,0,0,0,0,0,0,0,0,,0,0,0,0,0,0,0,0,0,0,0,0,0,0,
