id,v1,v2,v3,v4,v5,v6,v7,v8,v9,v10,v11,v12,v13,v14,v15,v16,v17,v18,v19,v20,v21,v22,v23,v24,e1,e2,e3,e4,e5,e6,e7,e8,e9,e10,e11,e12,e13,e14,e15,e16,e17,e18,e19,e20,e21,e22,e23,e24
PPS-D-018024,0,0,0,0,0,0,0,0,0,0,0,1,0,0,0,0,0,0,0,0,0,0,0,0,,,,,,,,,,,,대한 직접생산확인증명서를 소지한 업체,,,,,,,,,,,,
PPS-D-013436,0,0,0,0,0,0,0,0,0,0,0,0,0,0,0,0,0,0,0,0,0,0,0,0,,,,,,,,,,,,,,,,,,,,,,,,
PPS-D-002564,0,0,0,0,0,0,0,0,0,0,0,0,1,0,0,0,0,0,0,0,0,0,0,0,,,,,,,,,,,,,"「중소기업제품 구매촉진 및 판로지원에 관한 법률 시행령」제2조의2 (중소기업자와의 우선조달계약)제1항제1호 의거, 「중소기업법」제2조제2항에 따른 소기업 또는 「소상공인 보호 및 지원에 관한 법률」제2조에 따른 소상공인 (중기업 ×)",,,,,,,,,,,
PPS-D-008893,0,0,0,0,0,0,0,0,0,0,0,0,1,0,0,0,0,0,0,0,0,0,0,0,,,,,,,,,,,,,｢중소기업기본법｣ 제2조에 따른 중소기업자 또는 ｢소상공인 보호 및 지원에 관한 법률｣ 제2조에 따른 소상공인으로서 ｢중소기업 범위 및 확인에 관한 규정｣에 따라 발급된 <중소기업·소상공인 확인서>를 소지한 자,,,,,,,,,,,
PPS-D-010559,0,0,0,0,0,0,0,0,0,0,0,0,1,0,0,0,0,0,0,0,0,0,0,0,,,,,,,,,,,,,"「중소기업기본법」제2조에 따른 소기업 또는 「소상공인 보호 및 지원에 관한 법률」제2조에 따른 소상공인으로서, 「중소기업 범위 및 확인에 관한 규정」에 따라 발급된 소기업ㆍ소상공인확인서를 소지한 자이어야 합니다.",,,,,,,,,,,
PPS-D-020848,0,0,0,0,0,0,0,0,0,0,0,0,1,0,0,0,1,0,0,0,0,0,0,0,,,,,,,,,,,,,「중소기업기본법」 제2조에 따른 소기업자 또는「소기업 및 소상공인 지원을 위한 특별조치법」 제2조에 따른 소기업 또는 소상공인으로서 「중·소기업·소상공인 및 장애인기업 확인요령」에 따라 발급된 소기업·소상공인확인서,,,,「중소기업기본법」 제2조에 따른 소기업자 또는「소기업 및 소상공인 지원을 위한 특별조치법」 제2조에 따른 소기업 또는 소상공인으로서 「중·소기업·소상공인 및 장애인기업 확인요령」에 따라 발급된 소기업·소상공인확인서,,,,,,,
PPS-D-006807,0,0,0,0,0,0,0,0,0,0,0,0,0,0,0,0,0,0,0,0,0,0,0,0,,,,,,,,,,,,,,,,,,,,,,,,
PPS-D-003404,0,0,1,0,0,0,0,0,0,0,0,0,1,0,0,0,0,0,0,0,0,0,0,0,,,최근 3년간(‘23.1.1~‘25.12.31.) 2천만원 이상 계약된 번역 사업 실적을 제시,,,,,,,,,,「중소기업기본법」제2조에 따른 소기업자 또는「소상공인 보호 및 지원에 관한 법률」제2조에 따른 소상공인으로서,,,,,,,,,,,
PPS-D-001518,0,0,0,0,1,0,0,0,0,0,0,0,0,0,0,0,0,0,0,0,0,0,0,0,,,,,지역제한입찰(지역: 서울특별시)입니다.,,,,,,,,,,,,,,,,,,,
PPS-D-013158,0,0,0,0,0,0,0,0,0,0,0,0,0,0,0,0,0,0,1,0,0,1,0,0,,,,,,,,,,,,,,,,,,,제조사로부터 제품 공급 증명원 및 기술지원확약서 제출 가능한 업체,,,라. 사양(현장) 설명회에 참석한 업체에 한함,,
PPS-D-015937,0,0,0,0,0,0,0,0,0,0,0,0,0,0,0,0,0,0,0,0,0,0,0,0,,,,,,,,,,,,,,,,,,,,,,,,
PPS-D-006482,0,0,0,0,0,0,0,0,0,0,0,0,1,0,0,0,0,0,0,0,0,0,0,0,,,,,,,,,,,,,「중소기업기본법」 제2조제2항에 따른 소기업 또는 「소상공인기본법」 제2조에 따른 소상공인으로서 「중소기업범위 및 확인에 관한 규정」에 따라 발급된 소기업·소상공인 확인서를 소지한 자이어야 합니다.,,,,,,,,,,,
PPS-D-013451,0,0,0,0,0,0,0,0,0,0,0,0,1,0,0,0,0,0,0,0,0,0,0,0,,,,,,,,,,,,,다. 중소기업기본법 제2조에 따른 소기업자 또는「소상공인 보호 및 지원에 관한 법률」제2조에 따른 소상공인으로서,,,,,,,,,,,
PPS-D-004013,0,0,0,0,0,0,0,0,0,0,0,0,1,0,0,0,1,0,0,0,0,0,0,0,,,,,,,,,,,,,「중소기업기본법」제2조에 따른 소기업 또는 「소상공인 보호 및 지원에 관한 법률」제2조에 따른 소상공인으로서,,,,「중소기업기본법」제2조에 따른 소기업 또는 「소상공인 보호 및 지원에 관한 법률」제2조에 따른 소상공인으로서,,,,,,,
PPS-D-000149,0,0,0,1,0,0,0,0,1,0,0,0,0,0,0,0,0,0,0,0,0,0,0,0,,,,Dell PowerEdge R7625_128Cores,,,,,Dell PowerEdge R7625_128Cores,,,,,,,,,,,,,,,
PPS-D-012309,0,0,0,0,0,1,0,0,0,0,0,0,0,0,0,0,0,0,0,0,0,0,0,0,,,,,,견적공고일 전일부터 견적서 제출일(낙찰자는 계약체결일까지)까지 법인등기부상 본점 소재지(개인사업자인 경우에는 사업자등록증 또는 관련 법령에 따른 허가·인가·면허·등록·신고 등에 관련된 서류에 기재된 사업장의 소재지)를 울산광역시에 둔 업체이어야 합니다.,,,,,,,,,,,,,,,,,,
PPS-D-014996,0,0,0,0,0,1,0,0,0,0,0,0,0,0,0,0,0,0,0,0,0,0,0,1,,,,,,광주광역시 지역제한(지사투찰 불허)입니다.,,,,,,,,,,,,,,,,,,광주광역시 지역제한(지사투찰 불허)입니다.
PPS-D-007734,0,0,0,0,0,0,0,0,0,0,0,0,1,0,0,0,0,0,0,0,0,0,0,0,,,,,,,,,,,,,소기업 또는 소상공인(중기업은 견적제출 참가자격이 없습니다.),,,,,,,,,,,
PPS-D-017318,0,0,0,0,0,0,0,0,0,0,0,0,0,0,0,0,0,0,0,0,0,0,0,0,,,,,,,,,,,,,,,,,,,,,,,,
PPS-D-002896,0,0,0,0,0,0,0,0,0,0,0,0,0,0,0,0,0,0,0,0,0,0,0,0,,,,,,,,,,,,,,,,,,,,,,,,
PPS-D-021152,0,0,0,0,0,0,0,0,0,0,0,0,1,0,0,0,0,0,0,0,0,0,0,0,,,,,,,,,,,,,「중소기업제품 구매촉진 및 판로지원에 관한 법률」 제9조에 따른 직접생산여부를 확인할 수 있는 증명서류(직접생산확인증명서) 및 정품 공급증명서를 제출할 수 있는 자,,,,,,,,,,,
PPS-D-001910,0,0,0,0,0,0,0,0,0,0,0,0,0,0,0,0,0,0,0,0,0,0,0,0,,,,,,,,,,,,,,,,,,,,,,,,
PPS-D-003936,0,0,0,0,0,0,0,0,0,0,0,0,1,0,0,0,0,0,0,0,0,0,0,0,,,,,,,,,,,,,「중소기업기본법」 제2조에 따른 중소기업 및 「소상공인 보호 및 지원에 관한 법률」제2조에 따른 소상공인으로서,,,,,,,,,,,
PPS-D-009491,0,0,0,0,0,0,0,0,0,0,0,0,1,0,0,0,0,0,0,0,0,0,0,0,,,,,,,,,,,,,③「중소기업기본법」 제2조제2항에 따른 소기업 또는 「소상공인 보호 및 지원에 관한 법률」 제2조에 따른 소상공인으로서 「중소기업범위 및 확인에 관한 규정」에 따라 발급된 소기업·소상공인 확인서를 소지한 자이어야 합니다.,,,,,,,,,,,
PPS-D-003060,0,0,0,0,0,0,0,0,0,0,0,0,0,0,0,0,0,0,0,0,0,0,0,0,,,,,,,,,,,,,,,,,,,,,,,,
PPS-D-020429,0,0,0,0,0,0,0,0,0,0,0,0,1,0,0,0,0,0,0,0,0,0,0,0,,,,,,,,,,,,,「중소기업제품 구매촉진 및 판로지원에 관한 법률」시행령 제2조의3(중소기업자와의 우선조달계약에 대한 예외) 제4호 및「중소기업제품 공공구매 운영요령」(중소벤처기업부고시) 제44조를 적용합니다.,,,,,,,,,,,
PPS-D-014724,0,0,0,0,0,0,0,0,0,0,0,0,1,0,0,0,1,0,0,0,0,0,0,0,,,,,,,,,,,,,「중소기업기본법」 제2조에 따른 중소기업자 및 「소상공인 보호 및 지원에 관한 법률」제2조에 따른 소상공인으로서 「중소기업·소상공인 및 장애인기업 확인요령」에 따라 발급된 중소기업·소상공인확인서(입찰 마감일 전일까지 발급된 것으로 유효기간 내에 있어야 함)를 소지한 자,,,,「중소기업기본법」 제2조에 따른 중소기업자 및 「소상공인 보호 및 지원에 관한 법률」제2조에 따른 소상공인으로서 「중소기업·소상공인 및 장애인기업 확인요령」에 따라 발급된 중소기업·소상공인확인서(입찰 마감일 전일까지 발급된 것으로 유효기간 내에 있어야 함)를 소지한 자,,,,,,,
PPS-D-006305,0,0,0,0,0,0,0,0,0,0,0,0,1,0,0,0,1,0,0,0,0,0,0,0,,,,,,,,,,,,,「중소기업기본법」 제2조 제2항에 따른 소기업 및 「소상공인 보호 및 지원에 관한 법률」 제2조에 따른 소상공인으로서,,,,「중소기업기본법」 제2조 제2항에 따른 소기업 및 「소상공인 보호 및 지원에 관한 법률」 제2조에 따른 소상공인으로서,,,,,,,
PPS-D-013335,0,0,0,0,0,0,0,0,0,0,0,0,1,0,0,0,1,0,0,0,0,0,0,0,,,,,,,,,,,,,"중소기업기본법 제2조 제2항에 따른 소기업, 소상공인 보호 및 지원에 관한 법률 제2조에 따른 소기업·소상공인으로서 소기업·소상공인확인서는 견적서 제출 마감일 전일까지 발급된 것으로 유효기간 내에 있어야 하는 업체이어야 합니다.",,,,"중소기업기본법 제2조 제2항에 따른 소기업, 소상공인 보호 및 지원에 관한 법률 제2조에 따른 소기업·소상공인으로서 소기업·소상공인확인서는 견적서 제출 마감일 전일까지 발급된 것으로 유효기간 내에 있어야 하는 업체이어야 합니다.",,,,,,,
PPS-D-002936,0,0,0,0,0,0,0,0,0,0,0,0,0,0,0,0,0,0,0,0,0,0,0,0,,,,,,,,,,,,,,,,,,,,,,,,
PPS-D-013030,0,0,0,0,0,0,0,0,0,0,0,0,1,0,0,0,0,0,0,0,0,0,0,0,,,,,,,,,,,,,「중소기업법」제2조에 따른 소기업 및「소상공인 보호 및 지원에 관한 법률」 제2조에 따른 소상공인으로서「중소기업 범위 및 확인에 관한 규정」에 따라 발급된 소기업·소상공인 확인서를 소지하여야 합니다.,,,,,,,,,,,
PPS-D-007529,0,0,0,0,0,0,0,0,0,0,0,0,1,0,0,0,1,0,0,0,0,0,0,0,,,,,,,,,,,,,「중소기업기본법」제2조에 따른 소기업 또는「소상공인 보호 및 지원에 관한 법률」제2조에 따른 소상공인으로서,,,,「중소기업기본법」제2조에 따른 소기업 또는「소상공인 보호 및 지원에 관한 법률」제2조에 따른 소상공인으로서,,,,,,,
PPS-D-014211,0,0,0,0,0,0,0,0,1,0,0,0,0,0,0,0,0,0,0,0,0,0,0,0,,,,,,,,,ANSYS Mechanical Enterprise & Design Modeler 유지보수 라이선스 (Maintenance License),,,,,,,,,,,,,,,
PPS-D-019947,0,0,0,0,0,0,0,0,0,0,0,0,0,0,0,0,0,0,0,0,0,0,0,0,,,,,,,,,,,,,,,,,,,,,,,,
PPS-D-007368,0,0,0,0,0,1,0,0,0,0,0,0,0,0,0,0,0,0,0,0,0,0,0,0,,,,,,① 입찰공고일 전일부터 입찰일(낙찰자는 계약 체결일)까지 법인등기부상 본점 소재지(개인 사업자인 경우에는 사업자등록증 또는 관련 법령에 따른 허가·면허·등록·신고 등에 관련된 서류에 기재된 사업장의 소재지)를 [수요기관(기초자치단체)]에 둔 자,,,,,,,,,,,,,,,,,,
PPS-D-017570,0,0,0,0,0,0,0,1,0,0,0,0,0,0,0,0,0,0,0,0,0,0,1,0,,,,,,,,"컨설
팅업으로 입찰참가자격을 등록한 업체 또는 유사실적 수행 업체로, 지역 제한
없음
○ 최근 3년 이내 유사 프로그램 실적이 있는 자
○ 기타 자격은 입찰공고서에 따름
* 상기 업종 또는 최근 3년 이내 유사 프로그램 실적이 있는 자
다",,,,,,,,,,,,,,,공고기간 : 2026. 06. 01.(월) ∼ 2026. 06. 12.(금) 18:00까지,
PPS-D-015153,0,0,0,0,0,0,0,0,0,0,0,0,1,0,0,0,1,0,0,0,0,0,0,0,,,,,,,,,,,,,나. 소기업 또는 소상공인인 업체로서 「중소기업 범위 및 확인에 관한 규정」에 따라 발급된 소기업·소상공인 확인서(입찰서 제출 마감일 전일까지 발급된 것으로 유효기간 내에 있어야 함)를 소지한 자,,,,나. 소기업 또는 소상공인인 업체로서 「중소기업 범위 및 확인에 관한 규정」에 따라 발급된 소기업·소상공인 확인서(입찰서 제출 마감일 전일까지 발급된 것으로 유효기간 내에 있어야 함)를 소지한 자,,,,,,,
PPS-D-012497,0,0,1,0,0,0,0,0,0,0,0,0,0,0,0,0,0,0,0,0,0,0,0,0,,,최근 3년 이내 해상분야 통신기기 원격제어시스템 구축 실적이 건당 2억원 이상 또는 유지보수사업 실적이 건당 1억원 이상 있는 사업자,,,,,,,,,,,,,,,,,,,,,
PPS-D-002952,0,0,0,0,0,0,0,0,0,0,0,0,1,0,0,0,0,0,0,0,0,0,0,0,,,,,,,,,,,,,"「중소기업기본법」 제2조에 따른 중·소기업 또는 「소상공인 보호 및 지원에 관한 법률」 제2조에 따른 소상공인으로서, 「중소기업 범위 및 확인에 관한 규정」에 따라 발급된 중‧소기업‧소상공인확인서를 소지한 자이어야 합니다.",,,,,,,,,,,
PPS-D-017194,0,0,0,0,0,0,0,0,0,0,0,0,1,0,0,0,1,0,0,0,0,0,0,0,,,,,,,,,,,,,「중소기업기본법」 제2조2항에 따른 소기업 또는 「소상공인 보호 및 지원에 관한 법률」 제2조에 따른 소상공인으로서 「중소기업 범위 및 확인에 관한 규정」에 따라 발급된 소기업ㆍ소상공인 확인서를 소지한 자,,,,「중소기업기본법」 제2조2항에 따른 소기업 또는 「소상공인 보호 및 지원에 관한 법률」 제2조에 따른 소상공인으로서 「중소기업 범위 및 확인에 관한 규정」에 따라 발급된 소기업ㆍ소상공인 확인서를 소지한 자,,,,,,,
PPS-D-011574,0,0,0,0,0,1,0,0,0,0,0,0,1,0,0,0,0,0,0,0,0,0,0,0,,,,,,지역제한: 입찰공고일 전일부터 계약체결일까지 법인등기부상 본점 소재지(개인사업자인 경우 사업자등록증상 사업장 소재지)가 광주광역시에 있는 업체,,,,,,,「중소기업기본법」제2조에 따른 소기업자 및 「소상공인 보호 및 지원에 관한 법률」제2조에 따른 소상공인으로서「중소기업 범위 및 확인에 관한 규정」에 따라 발급된 소기업·소상공인 확인서(전자입찰서 제출 마감일 전일까지 발급된 것으로 유효기간 내에 있어야 함)를 소지한 자,,,,,,,,,,,
PPS-D-015835,0,0,0,0,0,0,0,0,0,0,0,0,0,0,0,0,0,0,0,0,0,0,0,0,,,,,,,,,,,,,,,,,,,,,,,,
PPS-D-008570,0,0,0,0,0,0,0,0,0,0,1,0,0,0,0,0,0,0,0,0,0,0,0,0,,,,,,,,,,,,,,,,,,,,,,,,
PPS-D-002021,0,0,0,0,0,0,0,0,0,0,0,0,0,0,0,0,0,0,0,0,0,0,0,0,,,,,,,,,,,,,,,,,,,,,,,,
PPS-D-008487,0,0,0,0,0,0,0,0,0,0,0,0,0,0,0,0,0,0,0,0,0,0,0,0,,,,,,,,,,,,,,,,,,,,,,,,
PPS-D-006126,0,0,0,0,0,0,0,0,0,0,0,0,1,0,0,0,0,0,0,0,0,0,0,0,,,,,,,,,,,,,「중소기업기본법」제2조 제2항에 따른 소기업 또는 「소상공인 보호 및 지원에 관한 법률」제2조에 따른 소상공인으로서,,,,,,,,,,,
PPS-D-018253,0,0,0,0,0,0,0,0,1,0,0,0,0,0,0,0,0,0,0,0,0,0,0,0,,,,,,,,,1) 도입 대상 : Cisco FTDv30,,,,,,,,,,,,,,,
PPS-D-019204,0,0,0,0,0,0,0,0,0,0,0,0,1,0,0,0,0,0,0,0,0,0,0,0,,,,,,,,,,,,,「중소기업기본법」 제2조에 따른 중소기업 또는「소상공인 보호 및 지원에 관한 법률」제2조에 따른 소상공인으로서 「중소기업 범위 및 확인에 관한 규정」에 따라 발급된 중소기업ㆍ소상공인확인서 중 하나를 소지한 업체,,,,,,,,,,,
PPS-D-007735,0,0,0,0,0,0,0,0,0,0,0,0,1,0,0,0,0,0,0,0,0,0,0,0,,,,,,,,,,,,,② 「중소기업기본법」제2조에 따른 소기업자 또는「소상공인 보호 및 지원에 관한 법률」제2조에 따른 소상공인으로서「중소기업 범위 및 확인에 관한 규정」에 따라 발급된 소기업·소상공인 확인서(용도 : 공공기관 입찰용)를 소지한 자.,,,,,,,,,,,
PPS-D-004602,0,0,0,0,0,0,0,0,0,0,0,0,0,0,0,0,0,0,0,0,0,0,0,1,,,,,,,,,,,,,,,,,,,,,,,,나. 용역차량 : 20인승이상 11대 내외(신청인원에 따라 변동 가능)
PPS-D-001259,0,0,0,0,0,0,0,0,0,0,0,0,1,0,0,0,0,0,0,0,0,0,0,0,,,,,,,,,,,,,「중소기업기본법」제2조에 따른 소기업 또는「소상공인 보호 및 지원에 관한 법률」제2조에 따른 소상공인으로서,,,,,,,,,,,
PPS-D-015036,0,0,0,0,0,0,0,0,0,0,0,0,1,0,0,0,0,0,0,0,0,0,0,0,,,,,,,,,,,,,"「중소기업기본법」제2조에 따른 소기업 또는「소상공인 보호 및 지원에 관한 법률」제2조에 따른 소상공인으로서,「중소기업 범위 및 확인에 관한 규정」에 따라 발급된 소기업·소상공인 확인서를 소지한 업체 또는 비영리법인",,,,,,,,,,,
PPS-D-016627,0,0,0,0,0,0,0,0,0,0,0,0,0,0,0,0,0,0,0,0,0,0,0,0,,,,,,,,,,,,,,,,,,,,,,,,
PPS-D-021323,0,0,0,0,0,0,0,0,0,0,0,0,0,0,0,0,0,0,0,0,0,0,0,0,,,,,,,,,,,,,,,,,,,,,,,,
PPS-D-016143,0,0,0,1,0,0,0,0,0,0,0,0,1,0,0,0,0,0,0,0,0,0,0,0,,,,"및 같은 법 시행규칙 제14조에 따른 자격을 갖춘 업체

나. [기관(공공기관)]의 「[기관(공공기관)] 축산플랫폼」에 축산분야 ICT 참여기업으로 등록된 업체 및 돈사 시공 실적이 있는 업체

※ 장비 등록사항:「[기관(공공기관)] 축산플랫폼」에 자사제품 또는 타사제품 등록이 되어있는",,,,,,,,,2) 「중소기업기본법」 제2조에 따른 소기업 또는 「소상공인 보호 및 지원에 관한 법률」 제2조에 따른 소상공인으로서,,,,,,,,,,,
PPS-D-001182,0,0,0,0,0,0,0,0,0,0,0,0,1,0,0,0,0,0,0,0,0,0,0,0,,,,,,,,,,,,,「중소기업기본법」제2조에 따른 소기업 또는「소상공인 보호 및 지원에 관한 법률」 제2조에 따른 소상공인으로서,,,,,,,,,,,
PPS-D-011177,0,0,0,0,0,0,0,0,0,0,0,0,1,0,0,0,0,0,0,0,0,0,0,0,,,,,,,,,,,,,「중소기업기본법」 제2조에 따른 소기업 또는 「소상공인 보호 및 지원에 관한 법률」 제2조에 따른 소상공인으로서 「중소기업 범위 및 확인에 관한 규정」에 따라 발급된 소기업ㆍ소상공인 확인서를 소지한 업체,,,,,,,,,,,
PPS-D-001239,0,0,0,0,0,0,0,0,0,0,0,0,1,0,0,0,0,0,0,0,0,0,0,0,,,,,,,,,,,,,「중소기업제품 구매촉진 및 판로지원에 관한 법률」 제2조에 의한 중소기업자로서 동법 제9에 의한 직접생산확인증명서[세부품명: 시설물경비서비스(9212159901)]를 소지한 자,,,,,,,,,,,
PPS-D-012468,0,0,0,0,0,0,0,0,0,0,0,0,0,0,0,0,0,0,0,0,0,0,0,0,,,,,,,,,,,,,,,,,,,,,,,,
PPS-D-019785,0,0,0,0,0,1,0,0,0,0,0,0,0,0,0,0,0,0,0,0,0,0,0,0,,,,,,지역제한(인천광역시),,,,,,,,,,,,,,,,,,
PPS-D-018237,0,0,0,0,0,0,0,0,0,0,0,0,1,0,0,0,0,0,0,0,0,0,0,1,,,,,,,,,,,,,「중소기업제품 구매촉진 및 판로지원에 관한 법률」제2조에 따른 소기업자 또는「소상공인 보호 및 지원에 관한 법률」제2조에 따른 소상공인으로서,,,,,,,,,,,"지역제한, 견적제출"
PPS-D-010030,0,0,0,0,0,0,0,0,0,0,0,0,0,0,0,0,0,0,0,0,0,0,0,0,,,,,,,,,,,,,,,,,,,,,,,,
PPS-D-021429,0,0,0,0,0,0,0,0,1,0,0,0,0,0,0,0,0,0,0,0,0,0,0,0,,,,,,,,,"윈스페이스 SLC5 | XS | 2 | 8,700,000 | 17,400,000 |",,,,,,,,,,,,,,,
PPS-D-002898,0,0,0,0,0,0,0,0,0,0,0,0,1,0,0,0,1,0,0,0,0,0,0,0,,,,,,,,,,,,,「중소기업기본법」제2조제2항에에 따른 소기업 또는「소상공인기본법」제2조에 따른 소상공인,,,,「중소기업기본법」제2조제2항에에 따른 소기업 또는「소상공인기본법」제2조에 따른 소상공인,,,,,,,
PPS-D-012600,0,0,0,0,0,0,0,0,0,0,0,0,0,0,0,0,0,0,0,0,0,0,0,0,,,,,,,,,,,,,,,,,,,,,,,,
PPS-D-004024,0,1,1,0,0,0,0,0,0,0,0,0,1,0,0,0,0,0,0,0,0,0,0,0,,공고일 현재 최근 3년내 단일계약 건으로 2천만원 이상의 독서통신 교육과정 위탁운영 용역수행 완료 실적이 있는 기관(업체),공고일 현재 최근 3년내 단일계약 건으로 2천만원 이상의 독서통신 교육과정 위탁운영 용역수행 완료 실적이 있는 기관(업체),,,,,,,,,,「중소기업 기본법」제2조에 따른 소기업 또는 「소상공인 보호 및 지원에 관한 법률」제2조에 따른 소상공인으로서 「중소기업 범위 및 확인에 관한 규정」에 따라 발급된 ‘소기업·소상공인 확인서’를 소지한 업체,,,,,,,,,,,
PPS-D-018094,0,0,0,0,0,0,0,0,1,0,0,0,0,0,0,0,0,0,0,0,0,0,0,0,,,,,,,,,UI 툴 XPlatform 9.2,,,,,,,,,,,,,,,
PPS-D-011645,0,0,0,0,0,0,0,0,0,0,0,0,1,0,0,0,0,0,0,0,0,0,0,0,,,,,,,,,,,,,"다. 본 입찰은 단가계약입찰이며, 지역제한 경쟁입찰(대구광역시), 소기업·소상공인 대상입니다.",,,,,,,,,,,
PPS-D-007905,0,0,0,0,0,0,0,0,0,0,0,0,1,0,0,0,0,0,0,0,0,0,0,0,,,,,,,,,,,,,중소기업기본법 제2조제2항에 따른 소기업 또는 소상공인보호 및 지원에 관한 법률 제2조에 따른 소상공인으로서 소기업·소상공인확인서를 소지한 자,,,,,,,,,,,
PPS-D-001438,0,0,0,0,0,0,0,0,0,0,0,0,0,0,0,0,0,0,0,0,0,0,0,0,,,,,,,,,,,,,,,,,,,,,,,,
PPS-D-007954,0,0,0,0,0,0,0,0,0,0,0,0,0,0,0,0,0,0,0,0,0,0,0,0,,,,,,,,,,,,,,,,,,,,,,,,
PPS-D-010415,0,0,0,0,0,0,0,0,0,0,0,0,0,0,0,0,0,0,0,0,0,0,0,0,,,,,,,,,,,,,,,,,,,,,,,,
PPS-D-019463,0,0,0,0,0,0,0,0,0,0,0,0,0,0,0,0,0,0,0,0,0,0,1,0,,,,,,,,,,,,,,,,,,,,,,,공고기간: 2026.06.15(월) ~ 2026.06.17(수),
PPS-D-016459,0,0,0,0,0,0,0,0,0,0,0,0,0,0,0,0,0,0,0,0,0,0,0,0,,,,,,,,,,,,,,,,,,,,,,,,
PPS-D-012234,0,0,0,0,0,0,0,0,0,0,0,0,1,0,0,0,0,0,0,0,0,0,0,0,,,,,,,,,,,,,「중소기업기본법」 제2조에 따른 중소기업자 또는 「소상공인 보호 및 지원에 관한 법률」 제2조에 따른 소상공인으로서 「중소기업 범위 및 확인에 관한 규정」에 따라 발급된 중소기업ㆍ소상공인확인서를 소지한 자이어야 합니다.,,,,,,,,,,,
PPS-D-016717,0,0,0,0,0,0,0,0,0,0,0,0,0,0,0,0,0,0,0,0,0,0,0,0,,,,,,,,,,,,,,,,,,,,,,,,
PPS-D-020571,0,0,0,0,0,0,0,0,0,0,0,0,1,0,0,0,0,0,0,0,0,0,0,0,,,,,,,,,,,,,「중소기업기본법」제2조에 따른 중·소기업자 또는「소상공인 보호 및 지원에 관한 법률」제2조에 따른 소상공인으로서,,,,,,,,,,,
PPS-D-017001,0,0,0,0,0,0,0,0,0,0,0,0,1,0,0,0,0,0,0,0,0,0,0,0,,,,,,,,,,,,,가-2-3.「중소기업기본법」제2조에 따른 소기업 및「소상공인 보호 및 지원에 관한 법률」제2조에 따른 소상공인으로서「중소기업 범위 및 확인에 관한 규정」에 따라 발급된 <소기업·소상공인 확인서>를 소지한 자,,,,,,,,,,,
PPS-D-009168,0,0,0,0,0,0,0,0,0,0,0,0,0,0,0,0,0,0,0,0,0,0,0,0,,,,,,,,,,,,,,,,,,,,,,,,
PPS-D-017279,0,0,0,0,0,0,0,0,0,0,0,0,1,0,0,0,0,0,0,0,0,0,0,0,,,,,,,,,,,,,「중소기업기본법」 제2조제2항에 따른 소기업 및 「소상공인 보호 및 지원에 관한 법률」제2조에 따른 소상공인으로서,,,,,,,,,,,
PPS-D-007809,0,0,0,0,0,0,0,0,0,0,0,0,1,0,0,0,0,0,0,0,0,0,0,0,,,,,,,,,,,,,「중소기업기본법」제2조제2항에 따른 소기업 또는「소상공인 보호 및 지원에 관 한 법률」제2조에 따른 소상공인의 자격을 갖춘 업체로서,,,,,,,,,,,
PPS-D-004910,0,0,0,0,0,0,0,1,0,0,0,0,0,0,0,0,0,0,0,0,0,0,0,0,,,,,,,,"이내에 단독계약으로 (세미프로 포함) 프로축구단 선수단 식당 위탁운영 실적이 있는 업체

* 전염병 및 선수단의 스케쥴 변동으로 인한 식수 변동에 대한 책임은 낙잘자에게 있음

5. 사업참여방식 : 단독만 가능

6. 입찰 및 낙찰자 결정방법

가. 「지방자치단체를 당사자로 하는 계약에 관한 법률 시행령」에 의거 제안서를 제출받아 기술능력평가(80%)와 가격평가(20%)에 대한 종합평가로 실시하여 고득점순으로 선정하되 기술능력평가, 가격평가 점수의 합산점수가 70점 이상인 업체 중, 고득점 순에 따라 협상적격자를 결정하며 합산점수가 동일한 제안자가 2인 이상일 경우에는 기술능력평가 점수가 높은 제안자를 선순위자로 하고, 기술능력평가 점수도 동일한 경우에는 입찰공고일 전일부터 입찰 시(낙찰자는 계약체결일)까지 주된 영업소의 소재지가 [지역:r1|단위=기초|광역=경상남도] 내에 있는 업체를 우선으로 한다.

나. 우선협상대상자와",,,,,,,,,,,,,,,,
PPS-D-000437,0,0,0,0,0,0,0,0,0,0,0,0,1,0,0,0,1,0,0,0,0,0,0,0,,,,,,,,,,,,,『중소기업제품 구매촉진 및 판로지원에 관한 법률』 제2조에 따른 소기업 또는 『소상공인 보호 및 지원에 관한 법률』제2조에 따른 소상공인으로서,,,,『중소기업제품 구매촉진 및 판로지원에 관한 법률』 제2조에 따른 소기업 또는 『소상공인 보호 및 지원에 관한 법률』제2조에 따른 소상공인으로서,,,,,,,
PPS-D-002428,0,0,0,0,0,0,0,0,0,0,0,0,1,0,0,0,0,0,0,0,0,0,0,0,,,,,,,,,,,,,「중소기업기본법」제2조에 따른 소기업 또는「소상공인보호 및 지원에 관한 법률」제2조에 따른 소상공인으로서「중소기업 범위 및 확인에 관한 규정」에 따라 발급된 중‧소기업‧소상공인확인서를 소지한 자,,,,,,,,,,,
PPS-D-011943,0,0,0,0,0,0,0,0,0,0,0,0,1,0,0,0,1,0,0,0,0,0,0,0,,,,,,,,,,,,,② ｢중소기업기본법｣ 제2조제2항에 따른 소기업 또는 ｢소상공인 보호 및 지원에 관한 법률｣ 제2조에 따른 소상공인으로서 ｢중소기업 범위 및 확인에 관한 규정｣ 에 따라 발급된 <소기업· 소상공인 확인서>를 소지한 업체,,,,② ｢중소기업기본법｣ 제2조제2항에 따른 소기업 또는 ｢소상공인 보호 및 지원에 관한 법률｣ 제2조에 따른 소상공인으로서 ｢중소기업 범위 및 확인에 관한 규정｣ 에 따라 발급된 <소기업· 소상공인 확인서>를 소지한 업체,,,,,,,
PPS-D-012784,0,0,0,0,0,0,0,0,0,0,0,0,1,0,1,0,1,0,0,0,0,0,0,0,,,,,,,,,,,,,「소기업 및 소상공인 지원을 위한 특별조치법」 제2조에 따른 소기업 또는 소상공인인 업체로서,,「소기업 및 소상공인 지원을 위한 특별조치법」 제2조에 따른 소기업 또는 소상공인인 업체로서,,「소기업 및 소상공인 지원을 위한 특별조치법」 제2조에 따른 소기업 또는 소상공인인 업체로서,,,,,,,
PPS-D-006957,0,0,0,0,0,0,0,0,0,0,0,0,0,0,0,0,0,0,0,0,0,0,0,0,,,,,,,,,,,,,,,,,,,,,,,,
PPS-D-002353,0,0,0,0,0,0,0,0,0,0,0,0,0,0,0,0,0,0,0,0,0,0,0,0,,,,,,,,,,,,,,,,,,,,,,,,
PPS-D-013143,0,0,0,0,0,0,0,0,0,0,0,0,1,0,0,0,0,0,0,0,0,0,0,0,,,,,,,,,,,,,｢중소기업제품 구매촉진 및 판로지원에 관한 법률 시행령」제2조의3제1항제2호에 따른 비영리법인 또는「중소기업기본법」제2조제2항에 따른 소기업 또는「소상공인 보호 및 지원에 관한 법률」제2조에 따른 소상공인인 자,,,,,,,,,,,
PPS-D-002780,0,0,0,0,0,0,1,0,0,0,0,0,0,0,0,0,0,0,0,0,0,0,0,0,,,,,,,"따른 허가·인가·면허·등록·신고 등에 기재된 사업장의 소재지)를 계속 경기도, 서울특별시에 둔 업체

(2) 「개발이익환수에 관한 법률 시행령」 제12조 규정에 의한 개발비용산정기관(업종코드 :",,,,,,,,,,,,,,,,,
PPS-D-019861,0,0,0,0,0,0,0,0,0,0,0,0,0,0,0,0,0,0,0,0,0,0,0,0,,,,,,,,,,,,,,,,,,,,,,,,
PPS-D-002812,0,0,0,0,0,0,0,0,0,0,0,0,0,0,0,0,0,0,0,0,0,0,0,0,,,,,,,,,,,,,,,,,,,,,,,,
PPS-D-007509,0,0,0,0,0,0,0,0,0,0,0,0,0,0,0,0,0,0,0,0,0,0,0,0,,,,,,,,,,,,,,,,,,,,,,,,
PPS-D-020584,0,0,0,0,0,0,1,0,0,0,0,0,1,0,0,0,1,0,0,0,0,0,0,0,,,,,,,")가 입찰공고일 전일부터 입찰일까지(계약자는 계약체결일까지) 계속하여 “대전광역시, 경기도”에 소재한 자

나.「중소기업기본법」제2조제2항에 따른 소기업, 「소상공인기본법」 제2조에 따른 소상공인,",,,,,,"「중소기업기본법」제2조제2항에 따른 소기업, 「소상공인기본법」 제2조에 따른 소상공인, 「벤처기업육성에 관한 특별조치법」 제2조제1항에 따른 벤처기업 또는 「중소기업창업 지원법」 제2조제2호에 따른 창업자로서",,,,"「중소기업기본법」제2조제2항에 따른 소기업, 「소상공인기본법」 제2조에 따른 소상공인, 「벤처기업육성에 관한 특별조치법」 제2조제1항에 따른 벤처기업 또는 「중소기업창업 지원법」 제2조제2호에 따른 창업자로서",,,,,,,
PPS-D-001754,0,0,0,0,0,0,0,0,0,0,0,0,0,0,0,0,0,0,0,0,0,0,0,0,,,,,,,,,,,,,,,,,,,,,,,,
PPS-D-019236,0,0,0,0,0,0,0,0,0,0,0,0,1,0,0,0,0,0,0,0,0,0,0,0,,,,,,,,,,,,,② 「중소기업기본법」 제2조에 따른 소기업과 「소상공인 보호 및 지원에 관한 법률」 제2조에 따른 소상공인으로서 「중소기업 범위 및 확인에 관한 규정」에 따라 발급된 ‘소기업·소상공인 확인서(입찰참가자격등록마감일까지 발급된 것으로 유효기간 내에 있어야 함)’를 소지한 자,,,,,,,,,,,
PPS-D-019362,0,0,0,0,0,0,0,0,0,0,0,0,0,0,0,0,0,0,0,0,0,0,0,0,,,,,,,,,,,,,,,,,,,,,,,,
PPS-D-010445,0,0,0,0,0,0,0,0,0,0,0,0,1,0,0,0,1,0,0,0,0,0,0,0,,,,,,,,,,,,,라. 소기업 또는 소상공인인 업체로서 「중·소기업·소상공인 및 장애인기업 확인요령」에 따라 발급된 소기업·소상공인확인서(입찰서 제출 마감일 전일까지 발급된 것으로 유효기간 내에 있어야 함)를 소지한 자,,,,라. 소기업 또는 소상공인인 업체로서 「중·소기업·소상공인 및 장애인기업 확인요령」에 따라 발급된 소기업·소상공인확인서(입찰서 제출 마감일 전일까지 발급된 것으로 유효기간 내에 있어야 함)를 소지한 자,,,,,,,
PPS-D-016246,0,0,0,0,0,1,0,0,1,0,0,0,0,0,0,0,0,0,0,0,0,0,0,0,,,,,,"지역제한([지역:r1|단위=기초|광역=경상남도], [지역:r2|단위=기초|광역=경상남도], [지역:r3|단위=기초|광역=경상남도], [지역:r4|단위=기초|광역=경상남도], [지역:r5|단위=기초|광역=경상남도], [지역:r6|단위=기초|광역=경상남도]) 대상 용역입니다.",,,에버랜드 밀쿠폰 2장 제공,,,,,,,,,,,,,,,
PPS-D-000082,0,0,0,0,0,0,0,0,0,0,0,0,0,0,0,0,0,0,0,0,0,0,0,0,,,,,,,,,,,,,,,,,,,,,,,,
PPS-D-002054,0,0,0,0,0,0,0,0,0,0,0,0,0,0,0,0,0,0,0,0,0,0,0,0,,,,,,,,,,,,,,,,,,,,,,,,
PPS-D-021456,0,0,0,0,0,0,0,0,0,0,0,0,1,0,0,0,0,0,0,0,0,0,0,0,,,,,,,,,,,,,중소기업기본법 제2조 제2항에 따른 중소기업 또는 소상공인 보호 및 지원에 관한 법률 제2조에 따른 소상공인으로서 중소기업 범위 및 확인에 관한 규정에 따라 발급된 중소기업·소상공인확인서를 소지한 자,,,,,,,,,,,
PPS-D-001531,0,0,0,0,0,0,0,0,0,0,0,0,0,0,0,0,0,0,0,0,0,0,0,0,,,,,,,,,,,,,,,,,,,,,,,,
PPS-D-014065,0,0,0,0,0,0,0,0,0,0,0,0,1,0,0,0,1,0,0,0,0,0,0,0,,,,,,,,,,,,,｢중소기업기본법｣제2조제2항에 따른 소기업 또는 ｢소상공인 보호 및 지원에 관한 법률｣제2조에 따른 소상공인으로서 ｢중소기업 범위 및 확인에 관한 규정｣에 따라 발급된 소기업·소상공인 확인서를 소지한 자,,,,｢중소기업기본법｣제2조제2항에 따른 소기업 또는 ｢소상공인 보호 및 지원에 관한 법률｣제2조에 따른 소상공인으로서 ｢중소기업 범위 및 확인에 관한 규정｣에 따라 발급된 소기업·소상공인 확인서를 소지한 자,,,,,,,
PPS-D-006941,0,0,0,0,0,0,0,0,0,0,0,0,1,0,0,0,1,0,0,0,0,0,0,0,,,,,,,,,,,,,「중소기업기본법」제2조에 따른 소기업과「소상공인 보호 및 지원에 관한 법률」에 따른 소상공인으로 중소기업·소상공인 및 장애인기업 확인 요령에 따라 발급된 소기업·소상공인확인서를 소지한 업체.,,,,「중소기업기본법」제2조에 따른 소기업과「소상공인 보호 및 지원에 관한 법률」에 따른 소상공인으로 중소기업·소상공인 및 장애인기업 확인 요령에 따라 발급된 소기업·소상공인확인서를 소지한 업체.,,,,,,,
PPS-D-012655,0,0,0,0,0,0,0,0,0,0,0,0,1,0,0,0,0,0,0,0,0,0,0,0,,,,,,,,,,,,,「중소기업기본법」 제2조에 따른 중소기업자 또는 「소상공인 보호 및 지원에 관한 법률」 제2조에 따른 소상공인으로서 「중소기업 범위 및 확인에 관한 규정」에 따라 발급된 중소기업ㆍ소상공인 확인서를 소지한 자,,,,,,,,,,,
PPS-D-009174,0,0,0,0,0,0,0,0,0,0,0,0,0,0,0,0,1,0,0,0,0,0,0,0,,,,,,,,,,,,,,,,,전자입찰서 제출 마감일 전일까지「중소기업 범위 및 확인에 관한 규정」에 따라 발급된 중소기업 확인서(유효기간 내에 있어야 함)를 소지한 중소기업자.,,,,,,,
PPS-D-000963,0,0,0,0,0,0,0,0,0,0,0,0,0,0,0,0,0,0,0,0,0,0,0,0,,,,,,,,,,,,,,,,,,,,,,,,
PPS-D-001520,0,0,0,0,0,0,1,0,0,0,0,0,0,0,0,0,0,0,0,0,0,0,0,0,,,,,,,"소가 서울특별시에 있는자

- 단, 건설폐기물 수집·운반업 허가만 갖춘 서울특별시 소재 업체는 자격 보완을 위해 수도권(서울특별시 또는 경기도 또는 인천광역시)에 소재한 건설폐기물 중간처리업체와 공동도급(분담이행) 가능함

구 분

수집운반업체

처",,,,,,,,,,,,,,,,,
PPS-D-017122,0,0,0,0,0,0,0,0,0,0,0,0,1,0,0,0,0,0,0,0,0,0,0,0,,,,,,,,,,,,,「중소기업기본법」 제2조에 따른 소기업과 「소상공인 보호 및 지원에 관한 법률」 제2조에 따른 소상공인으로서 「중소기업 범위 및 확인에 관한 규정」에 따라 발급된 ‘소기업·소상공인 확인서(입찰참가자격등록마감일까지 발급된 것으로 유효기간 내에 있어야 함)’를 소지한 자,,,,,,,,,,,
PPS-D-018783,0,0,0,0,0,0,0,0,0,0,0,0,0,0,0,0,0,0,0,0,0,0,0,0,,,,,,,,,,,,,,,,,,,,,,,,
PPS-D-009182,0,0,0,0,0,0,0,0,0,0,0,0,1,0,0,0,1,0,0,0,0,0,0,0,,,,,,,,,,,,,「중소기업기본법」제2조에 따른 중․소기업 및「소상공인 보호 및 지원에 관한 법률」제2조에 따른 소상공인으로서,,,,「중소기업기본법」제2조에 따른 중․소기업 및「소상공인 보호 및 지원에 관한 법률」제2조에 따른 소상공인으로서,,,,,,,
PPS-D-018921,0,0,0,0,0,0,0,0,1,0,0,0,1,0,0,0,0,0,0,0,0,0,0,0,,,,,,,,,ENDRESS+HAUSER 등,,,,「중소기업기본법」 제2조제2항에 따른 중·소기업자 또는 「소상공인 보호 및 지원에 관한 법률」 제2조의 소상공인으로서,,,,,,,,,,,
PPS-D-016217,0,0,0,0,0,0,0,0,0,0,0,0,0,0,0,0,0,0,0,0,0,0,0,0,,,,,,,,,,,,,,,,,,,,,,,,
PPS-D-001659,0,0,0,0,0,0,0,0,0,0,0,0,0,0,0,0,0,0,0,0,0,0,0,0,,,,,,,,,,,,,,,,,,,,,,,,
PPS-D-018400,0,0,0,0,0,0,0,0,0,0,0,0,1,0,0,0,0,0,1,0,0,0,0,0,,,,,,,,,,,,,입찰자는「중소기업기본법」제2조에 따른 소기업자 및 「소상공인 보호 및 지원에 관한 법률」제2조에 따른 소상공인으로서 ‘중소기업 범위 및 확인에 관한 규정’에 따라 발급된 소기업․소상공인확인서를 소지한 업체이어야 합니다.,,,,,,"물품 제조사로부터의 물품공급 및 기술지원(A/S) 확약서, 1등급 고효율기자재 인증서를 전자입찰서 제출마감일 전일까지 보유하여야 하고, 개찰 이후 낙찰예정자는 관련된 서류를 제출하여야 하며, 미제출시 낙찰자 선정에서 제외됩니다.",,,,,
PPS-D-005946,0,0,0,1,0,0,0,0,1,0,0,0,0,0,0,0,0,0,0,0,0,0,0,0,,,,스카이조스터주 / 대상포진 생바이러스백신,,,,,스카이조스터주 / 대상포진 생바이러스백신,,,,,,,,,,,,,,,
PPS-D-012458,0,0,0,0,0,0,0,0,0,0,0,0,0,0,0,0,0,0,0,0,1,0,0,0,,,,,,,,,,,,,,,,,,,,,공동수급이 허용되지 않습니다.,,,
PPS-D-012612,0,0,0,0,0,0,0,0,0,0,0,0,1,0,0,0,0,0,0,0,0,0,0,0,,,,,,,,,,,,,"「중소기업기본법」제2조에 따른 소기업자,「중소기업제품 구매촉진 및 판로지원에 관한 법률」제7조의 2 규정에 따른 소기업 또는 소상공인으로서 중소기업청에서 발급한 소기업․소상공인 확인서(개찰일 전일까지 발급된 것으로 유효기간 내에 있어야 함)를 소지한 업체이어야 합니다.",,,,,,,,,,,
PPS-D-005996,0,0,0,0,0,0,0,0,0,0,0,0,1,0,0,0,1,0,0,0,1,0,0,0,,,,,,,,,,,,,「중소기업기본법」 제2조에 따른 소기업 또는 「소상공인기본법」 제2조에 따른 소상공인으로서 「중소기업 범위 및 확인에 관한 규정」에 따라 발급된 소기업·소상공인 확인서를 소지한 업체이어야 합니다.,,,,「중소기업기본법」 제2조에 따른 소기업 또는 「소상공인기본법」 제2조에 따른 소상공인으로서 「중소기업 범위 및 확인에 관한 규정」에 따라 발급된 소기업·소상공인 확인서를 소지한 업체이어야 합니다.,,,,공동이행방식은 허용되지 않습니다.,,,
PPS-D-004126,0,0,0,0,0,0,0,0,1,0,0,0,0,0,0,0,0,0,0,0,0,0,0,0,,,,,,,,,챗봇 찰리(CHARLI),,,,,,,,,,,,,,,
PPS-D-011016,0,0,0,0,0,0,0,0,0,0,0,0,1,0,0,0,0,0,0,0,0,0,0,0,,,,,,,,,,,,,「중소기업기본법」제2조 제2항에 따른 소기업 또는 「소상공인 보호 및 지원에 관한 법률」제2조에 따른 소상공인으로서「중소기업범위 및 확인에 관한 규정」에 따라 발급된 소기업·소상공인확인서(계약체결일까지 발급된 것으로 유효기간 내에 있어야 함.)를 소지한 자,,,,,,,,,,,
PPS-D-006237,0,0,0,0,0,0,0,0,0,0,0,0,1,0,0,0,0,0,0,0,0,0,0,0,,,,,,,,,,,,,4)「중소기업기본법」제2조에 따른 소기업자 또는 「소상공인 보호 및 지원에 관한 법률」제2조에 따른 소상공인으로서 중소기업 범위 및 확인에 관한 규정에 따라 발급된 소기업확인서 또는 소상공인확인서를 소지한 자,,,,,,,,,,,
PPS-D-013208,0,0,0,0,0,0,0,0,0,0,0,0,0,0,0,0,0,0,0,0,0,0,0,0,,,,,,,,,,,,,,,,,,,,,,,,
PPS-D-015699,0,0,0,0,0,0,1,0,0,0,0,0,1,0,0,0,1,0,0,0,0,0,0,0,,,,,,,"율) : 검수완료일로부터 12개월(대가청구금액의 2%)

마. 지역제한(서울특별시 또는 경기도) 대상 용역입니다.

바. 현장설명 및 설계서 열람 : 지방자치단체를 당사자로 하는 계약에 관한 법률 시행",,,,,,①「중소기업기본법」 제2조에 따른 소기업자 또는 「소상공인 보호 및 지원에 관한 법률」 제2조에 따른 소상공인으로서 「중소기업 범위 및 확인에 관한 규정」에 따라 발급된 소기업·소상공인확인서(적격심사서류 제출 마감일까지 발급된 것으로 유효기간 내에 있어야 함)를 소지한 자,,,,①「중소기업기본법」 제2조에 따른 소기업자 또는 「소상공인 보호 및 지원에 관한 법률」 제2조에 따른 소상공인으로서 「중소기업 범위 및 확인에 관한 규정」에 따라 발급된 소기업·소상공인확인서(적격심사서류 제출 마감일까지 발급된 것으로 유효기간 내에 있어야 함)를 소지한 자,,,,,,,
PPS-D-011404,0,0,0,0,0,0,0,0,0,0,0,0,1,0,0,0,0,0,0,0,0,0,0,0,,,,,,,,,,,,,※ 「중소기업제품 구매촉진 및 판로지원에 관한 법률」 제8조의2에 해당하는 자는 입찰에 참여할 수 없습니다.,,,,,,,,,,,
PPS-D-018764,0,0,0,0,0,0,0,0,0,0,0,0,1,0,0,0,0,0,0,0,0,0,0,0,,,,,,,,,,,,,마. 「중소기업기본법」 제2조 제2항에 따른 소기업 또는 「소상공인 보호 및 지원에 관한 법률」 제2조에 따른 소상공인으로서 「중소기업 범위 및 확인에 관한 규정」에 따라 발급된 소기업·소상공인 확인서를 소지한 업체,,,,,,,,,,,
PPS-D-020212,0,0,0,0,0,0,0,0,0,0,0,0,1,0,0,0,0,0,0,0,0,0,0,0,,,,,,,,,,,,,마. 중소기업제품 구매촉진 및 판로지원에 관한 법률 제4조 및 같은법 시행령 제2조의 2에 의한 소기업 또는 소상공인으로서 「중.소기업.소상공인 및 장애인기업 확인요령」에 따라 발급된 소기업.소상공인 확인서를 소지한 업체로,,,,,,,,,,,
PPS-D-008506,0,0,0,0,0,0,0,0,0,0,0,0,1,0,1,0,1,0,0,0,0,0,0,0,,,,,,,,,,,,,「중소기업기본법」제2조에 따른 소기업 또는「소상공인기본법」제2조에 따른 소상공인업체로서,,「중소기업기본법」제2조에 따른 소기업 또는「소상공인기본법」제2조에 따른 소상공인업체로서,,「중소기업기본법」제2조에 따른 소기업 또는「소상공인기본법」제2조에 따른 소상공인업체로서,,,,,,,
PPS-D-005347,0,0,0,0,0,0,0,0,1,0,0,0,1,0,0,0,0,0,0,0,0,0,0,0,,,,,,,,,대형텐트(TFS텐트),,,,5) 「중소기업기본법」 제2조에 따른 중소기업 또는 「소상공인 보호 및 지원에 관한 법률」 제2조에 따른 소상공인으로 중소기업·소상공인확인서(제안서 접수일 현재 유효기간 내 있어야 함)를 소지,,,,,,,,,,,
PPS-D-008046,0,0,0,0,0,0,0,0,0,0,0,0,0,0,0,0,0,0,0,0,0,0,0,0,,,,,,,,,,,,,,,,,,,,,,,,
PPS-D-003173,0,0,0,0,0,0,0,0,0,0,0,0,1,0,0,0,0,0,0,0,0,0,0,0,,,,,,,,,,,,,「중소기업기본법」 제2조제2항에 따른 소기업 또는 「소상공인 보호 및 지원에 관한 법률」제2조에 따른 소상공인으로서,,,,,,,,,,,
PPS-D-004345,0,0,0,0,0,0,0,0,0,0,0,0,1,0,0,0,0,0,0,0,0,0,0,0,,,,,,,,,,,,,"「소상공인 보호 및 지원에 관한 법률」 제2조에 따른 소상공인, 「중소기업기본법」 제2조제2항에 따른 소기업",,,,,,,,,,,
PPS-D-018128,0,0,0,0,0,0,0,0,0,0,0,0,0,0,0,0,0,0,0,0,0,0,0,0,,,,,,,,,,,,,,,,,,,,,,,,
PPS-D-000166,0,0,0,0,0,0,0,0,0,0,0,0,0,0,0,0,0,0,0,0,0,0,0,0,,,,,,,,,,,,,,,,,,,,,,,,
PPS-D-019067,0,0,0,0,0,0,0,0,0,0,0,0,1,0,0,0,1,0,0,0,0,0,0,0,,,,,,,,,,,,,「중소기업제품 구매촉진 및 판로지원에 관한 법률」에 따른 소기업 또는 「소상공인 보호 및 지원에 관한 법률」에 따른 소상공인으로서,,,,「중소기업제품 구매촉진 및 판로지원에 관한 법률」에 따른 소기업 또는 「소상공인 보호 및 지원에 관한 법률」에 따른 소상공인으로서,,,,,,,
PPS-D-015605,0,0,0,0,0,0,0,0,0,0,0,0,0,0,0,0,0,0,0,0,0,0,0,0,,,,,,,,,,,,,,,,,,,,,,,,
PPS-D-017385,0,0,0,0,0,0,0,0,0,0,0,0,1,0,0,0,1,0,0,0,0,0,0,0,,,,,,,,,,,,,「중소기업기본법」제2조에 따른 소기업자 또는 「소상공인 보호 및 지원에 관한 법률」제2조에 따른 소상공인으로서「중소기업 범위 및 확인에 관한 규정(중소기업청고시)」에 따라 발급된 ‘소기업·소상공인확인서’를 소지한 자,,,,「중소기업기본법」제2조에 따른 소기업자 또는 「소상공인 보호 및 지원에 관한 법률」제2조에 따른 소상공인으로서「중소기업 범위 및 확인에 관한 규정(중소기업청고시)」에 따라 발급된 ‘소기업·소상공인확인서’를 소지한 자,,,,,,,
PPS-D-007369,0,0,0,0,0,1,0,0,0,0,0,0,0,0,0,0,0,0,0,0,0,0,0,0,,,,,,소재지가 [지역:r1|단위=기초|광역=강원특별자치도] 지역인 업체이어야 하며,,,,,,,,,,,,,,,,,,
PPS-D-016975,0,0,0,0,0,0,0,0,0,0,0,0,1,0,0,0,1,0,0,0,0,0,0,0,,,,,,,,,,,,,「중소기업기본법」제2조에 따른 소기업 또는 「소상공인 보호 및 지원에 관한 법률」제2조에 른 소기업 또는 소상공인으로서 「중소기업 범위 및 확인에 관한 규정」에 따라 발급된 ‘소기업․소상공인 확인서(입찰마감일 전일까지 발급된 것으로 유효기간 내에 있어야 함)를 소지한 업체,,,,「중소기업기본법」제2조에 따른 소기업 또는 「소상공인 보호 및 지원에 관한 법률」제2조에 른 소기업 또는 소상공인으로서 「중소기업 범위 및 확인에 관한 규정」에 따라 발급된 ‘소기업․소상공인 확인서(입찰마감일 전일까지 발급된 것으로 유효기간 내에 있어야 함)를 소지한 업체,,,,,,,
PPS-D-010975,0,0,0,0,0,0,0,0,0,0,0,0,0,0,0,0,0,0,0,0,0,0,0,0,,,,,,,,,,,,,,,,,,,,,,,,
PPS-D-000197,0,0,0,0,0,0,0,0,1,0,0,0,0,0,0,0,0,0,1,0,0,0,0,0,,,,,,,,,PlanWeb 4.0,,,,,,,,,,※ 기술지원확약서 제출,,,,,
PPS-D-003107,0,0,0,0,0,0,0,0,0,0,0,0,1,0,0,0,1,0,0,0,0,0,0,0,,,,,,,,,,,,,｢중소기업기본법｣ 제2조제2항에 따른 소기업 또는 ｢소상공인 보호 및 지원에 관한 법률｣ 제2조에 따른 소상공인으로서 ｢중소기업 범위 및 확인에 관한 규정｣에 따라 발급된 소기업・소상공인확인서 중 하나를 소지한 자,,,,｢중소기업기본법｣ 제2조제2항에 따른 소기업 또는 ｢소상공인 보호 및 지원에 관한 법률｣ 제2조에 따른 소상공인으로서 ｢중소기업 범위 및 확인에 관한 규정｣에 따라 발급된 소기업・소상공인확인서 중 하나를 소지한 자,,,,,,,
PPS-D-017040,0,0,0,1,0,0,0,0,0,0,0,0,0,0,0,0,0,0,0,0,0,0,0,0,,,,"또는 ｢폐기물관리법｣ 제25조 규정에 의한 건설

인천광역시 [수요기관(공공기관)]에서 대행하고, 계약체결 이후 변경계약, 착ㆍ준공, 대가지급, 실적 폐기물 수집·운반업(6728)과 건설폐기물 중간처리업(1253) 허가를 보유한 업체이어야 합니다.
※ 폐기",,,,,,,,,,,,,,,,,,,,
PPS-D-005737,0,0,0,0,0,0,0,0,0,0,0,0,1,0,0,0,1,0,0,0,0,0,0,0,,,,,,,,,,,,,「중소기업기본법」제2조에 따른 소기업 또는「소상공인 보호 및 지원에 관한 법률」제2조에 따른 소상공인으로서「중소기업 범위 및 확인에 관한 규정(중소벤처기업부 고시)」에 따라 발급된 ‘소기업·소상공인 확인서’를 소지한 자.,,,,「중소기업기본법」제2조에 따른 소기업 또는「소상공인 보호 및 지원에 관한 법률」제2조에 따른 소상공인으로서「중소기업 범위 및 확인에 관한 규정(중소벤처기업부 고시)」에 따라 발급된 ‘소기업·소상공인 확인서’를 소지한 자.,,,,,,,
PPS-D-021739,0,0,0,0,0,0,0,0,0,0,0,0,1,0,0,0,0,0,0,0,0,0,0,0,,,,,,,,,,,,,「중소기업 기본법」 제2조에 제2항에 따른 소기업 및 「소상공인 보호 및 지원에 관한 법률」제2조에 따른 소상공인으로서 「중소기업 범위 및 확인에 관한 규정」에 따라 발급된 중소기업·소상공인 확인서를 소지한 업체이어야 합니다.,,,,,,,,,,,
PPS-D-016348,0,0,1,0,0,0,0,0,0,0,0,0,1,0,0,0,0,0,0,0,0,0,0,0,,,① 수행경험 실적: 3천만원 이상의 공공기관 관련용역 수행 실적,,,,,,,,,,「중소기업제품 구매촉진 및 판로지원에 관한 법률 시행령」제2조의2(중소기업자와의 우선조달계약)에 의한 중소기업·소상공인 업체,,,,,,,,,,,
PPS-D-002948,1,0,0,0,0,0,0,1,0,0,0,0,0,0,0,0,0,0,0,0,0,0,0,0,서울특별시 및 경기도에 소재한 업체로서,,,,,,,"의 입찰참가자격 제한)에 해당하지 않는 업체

다. 서울특별시 및 경기도에 소재한 업체로서 공고일 기준 3년 이내 공공기관 또는 일반 기업체에 월간지(사보) 편집·디자인을 수행한 실적이 있는 업체

3. 제출서류 및 기타

※ 제안 요청서 참조

4. 입찰의 무효에 관한 사항

- 동일인이",,,,,,,,,,,,,,,,
PPS-D-014858,0,0,0,0,0,0,0,0,0,0,0,0,0,0,0,0,0,0,0,0,0,0,0,0,,,,,,,,,,,,,,,,,,,,,,,,
PPS-D-014232,0,0,0,0,0,0,0,0,0,0,0,0,1,0,0,0,1,0,0,0,0,0,0,0,,,,,,,,,,,,,「중소기업기본법」제2조에 따른 중․소기업 또는「소상공인 보호 및 지원에 관한 법률」제2조에 따른 소상공인으로서,,,,「중소기업기본법」제2조에 따른 중․소기업 또는「소상공인 보호 및 지원에 관한 법률」제2조에 따른 소상공인으로서,,,,,,,
PPS-D-013600,0,0,0,0,0,0,0,0,0,0,0,0,0,0,0,0,0,0,0,0,0,0,0,0,,,,,,,,,,,,,,,,,,,,,,,,
PPS-D-009804,0,0,0,0,0,0,0,0,0,0,0,0,0,0,0,0,0,0,0,0,0,0,0,0,,,,,,,,,,,,,,,,,,,,,,,,
PPS-D-017747,0,0,0,0,0,0,0,0,1,0,0,0,1,0,0,0,0,0,0,0,0,0,0,0,,,,,,,,,U-17-5S,,,,「중소기업기본법」 제2조에 따른 소기업 또는 「소상공인 보호 및 지원에 관한 법률」 제2조에 따른 소상공인으로서 「중소기업 범위 및 확인에 관한 규정」에 따라 발급된 소기업(소상공인)확인서를 소지한 업체,,,,,,,,,,,
PPS-D-007373,0,0,0,0,0,0,0,0,0,0,0,0,0,0,0,0,0,0,0,0,0,0,0,0,,,,,,,,,,,,,,,,,,,,,,,,
PPS-D-017183,0,0,0,0,0,0,0,0,0,0,0,0,1,0,1,0,1,0,0,0,0,0,0,0,,,,,,,,,,,,,「중소기업제품구매촉진 및 판로지원에 관한 법률」에 따른 중소기업자로서 「소기업 ․ 소상공인 및 장애인기업확인요령」에 따라 발급된 중소기업확인서(입찰마감일 전일까지 발급받은 것으로 유효기간 내에 있어야 함)를 소지한 자 업체,,「중소기업제품구매촉진 및 판로지원에 관한 법률」에 따른 중소기업자로서 「소기업 ․ 소상공인 및 장애인기업확인요령」에 따라 발급된 중소기업확인서(입찰마감일 전일까지 발급받은 것으로 유효기간 내에 있어야 함)를 소지한 자 업체,,「중소기업제품구매촉진 및 판로지원에 관한 법률」에 따른 중소기업자로서 「소기업 ․ 소상공인 및 장애인기업확인요령」에 따라 발급된 중소기업확인서(입찰마감일 전일까지 발급받은 것으로 유효기간 내에 있어야 함)를 소지한 자 업체,,,,,,,
PPS-D-001148,0,0,0,0,0,0,0,0,0,0,0,0,0,0,0,0,0,0,0,0,0,0,0,0,,,,,,,,,,,,,,,,,,,,,,,,
PPS-D-001185,0,0,0,0,0,0,0,0,0,0,0,0,1,0,0,0,0,0,0,0,0,0,0,0,,,,,,,,,,,,,「중소기업기본법」제2조에 따른 중소기업자 또는「소상공인 보호 및 지원에 관한 법률」제2조에 따른 소상공인으로서「중소기업 범위 및 확인에 관한 규정」에 따라 발급된 소기업·소상공인확인서를 소지한 업체,,,,,,,,,,,
PPS-D-021305,0,0,0,0,0,0,0,0,0,0,0,0,1,0,0,0,0,0,0,0,0,0,0,0,,,,,,,,,,,,,"「중소기업제품 구매촉진 및 판로지원에 관한 법률」제2조에 규정된 중소기업자로서, ‘중소기업 범위 및 확인에 관한 규정(중소벤처기업부 고시)’에 따라 발급된 “중․소기업․소상공인 확인서”를 소지한 업체",,,,,,,,,,,
PPS-D-008043,0,0,0,0,0,0,0,0,0,0,0,0,1,0,0,0,0,0,0,0,0,0,0,0,,,,,,,,,,,,,"「중소기업제품 구매촉진 및 판로지원에 관한 법률시행령」 제2조에 따른 중소기업자 및 「소상공인 보호 및 지원에 관한 법률」 제2조에 따른 소상공인으로서「중소기업 범위 및 확인에 관한 규정」에 따라 발급된 중․소기업, 소상공인확인서(적격심사 서류 제출 마감일까지 발급된 것)를 소지한 업체이어야 합니다.",,,,,,,,,,,
PPS-D-016740,0,0,0,0,0,0,0,0,0,0,0,0,0,0,0,0,0,0,0,0,0,0,0,1,,,,,,,,,,,,,,,,,,,,,,,,
PPS-D-012953,0,0,0,0,0,0,0,0,0,0,0,0,0,0,0,0,0,0,0,0,0,0,0,0,,,,,,,,,,,,,,,,,,,,,,,,
PPS-D-008791,0,0,0,0,0,1,0,0,0,0,1,0,0,0,0,0,0,0,0,0,0,0,0,0,,,,,,다. 지역제한(경상남도 [지역:r1|단위=기초|광역=경상남도]) 대상 용역입니다.,,,,,,,,,,,,,,,,,,
PPS-D-017428,0,0,0,0,0,0,0,0,0,0,0,0,1,0,0,0,0,0,0,0,0,0,0,0,,,,,,,,,,,,,「중소기업기본법」 제2조제2항에 따른 중·소기업 또는 「소상공인 보호 및 지원에 관한 법률」 제2조에 따른 소상공인으로서 중·소기업·소상공인확인서(전자입찰서 제출 마감일 전일까지 발급된 것으로 유효기간 내에 있어야 함)를 소지한 자.,,,,,,,,,,,
PPS-D-006668,0,0,0,0,0,0,0,0,0,0,0,0,0,0,0,0,0,0,0,0,0,0,0,0,,,,,,,,,,,,,,,,,,,,,,,,
PPS-D-021538,0,0,0,0,0,0,0,0,0,0,0,0,0,0,0,0,0,0,0,0,0,0,0,0,,,,,,,,,,,,,,,,,,,,,,,,
PPS-D-014133,0,0,0,0,0,0,0,0,0,0,0,0,1,0,0,0,0,0,0,0,0,0,0,0,,,,,,,,,,,,,｢중소기업기본법｣ 제2조에 따른 중·소기업자 및 ｢소상공인기본법｣ 제2조에 따른 소상공인으로서 ｢중소기업 범위 및 확인에 관한 규정｣에 따라 발급된 확인서를 소지한 자,,,,,,,,,,,
PPS-D-015086,0,0,0,0,0,0,0,0,0,0,0,0,1,0,0,0,0,0,0,0,0,0,0,0,,,,,,,,,,,,,소기업 또는 소상공인인 업체로서 「중·소기업·소상공인 및 장애인기업 확인요령」에 따라 발급된 소기업·소상공인확인서(입찰서 제출 마감일 전일까지 발급된 것으로 유효기간 내에 있어야 함)를 소지한 자,,,,,,,,,,,
PPS-D-019745,0,0,0,0,0,0,0,0,0,0,0,0,1,0,0,0,0,0,0,0,0,0,0,0,,,,,,,,,,,,,『중소기업제품 구매촉진 및 판로지원에 관한 법률』제2조에 따른 중기업·소기업·소상공인으로,,,,,,,,,,,
PPS-D-011135,0,0,0,0,0,0,0,0,0,0,0,0,0,0,0,0,0,0,0,0,0,0,0,0,,,,,,,,,,,,,,,,,,,,,,,,
PPS-D-016758,0,0,0,0,0,0,0,0,0,0,0,0,0,0,0,0,0,0,0,0,0,0,0,0,,,,,,,,,,,,,,,,,,,,,,,,
PPS-D-019831,0,0,0,0,0,0,0,0,0,0,0,0,0,0,0,0,0,0,0,0,0,0,0,0,,,,,,,,,,,,,,,,,,,,,,,,
PPS-D-014561,0,0,0,0,0,0,0,0,0,0,0,0,0,0,0,0,0,0,0,0,0,0,0,0,,,,,,,,,,,,,,,,,,,,,,,,
PPS-D-007437,0,0,0,0,0,0,0,0,0,0,0,0,0,0,0,0,0,0,0,0,0,0,0,0,,,,,,,,,,,,,,,,,,,,,,,,
PPS-D-014300,0,0,0,0,0,0,0,0,0,0,0,0,1,0,0,0,0,0,0,0,0,0,0,0,,,,,,,,,,,,,"「중소기업기본법」제2조에 따른 소기업, 소상공인으로서「중소기업소상공인 및 장애인기업 확인요령」에 따라 발급된 ‘소기업·소상공인 확인서’를 소지한 업체",,,,,,,,,,,
PPS-D-000812,0,0,0,0,0,0,0,0,1,0,0,0,1,0,0,0,1,0,0,0,0,0,0,0,,,,,,,,,뉴케어 외 2종,,,,｢중소기업기본법｣ 제2조에 따른 소기업 또는 ｢소상공인 보호 및 지원에 관한 법률｣ 제2조에 따른 소상공인으로 「중소기업 범위 및 확인에 관한 규정」에 따라 발급된 소기업·소상공인확인서(유효기간 내에 있어야 함)를 소지한 업체,,,,｢중소기업기본법｣ 제2조에 따른 소기업 또는 ｢소상공인 보호 및 지원에 관한 법률｣ 제2조에 따른 소상공인으로 「중소기업 범위 및 확인에 관한 규정」에 따라 발급된 소기업·소상공인확인서(유효기간 내에 있어야 함)를 소지한 업체,,,,,,,
PPS-D-004749,0,0,0,0,0,0,0,0,0,0,0,0,1,0,0,0,1,0,0,0,0,0,0,0,,,,,,,,,,,,,소기업·소상공인 제한견적입니다.,,,,소기업·소상공인 제한견적입니다.,,,,,,,
PPS-D-021743,1,0,0,0,0,0,0,0,0,0,0,0,0,0,0,0,0,0,0,0,0,0,0,1,법인등기부등본상 본점 소재지가 서울특별시인 업체,,,,,,,,,,,,,,,,,,,,,,,
PPS-D-018744,0,0,0,0,0,0,0,0,0,0,0,0,0,0,0,0,0,0,0,0,0,0,0,0,,,,,,,,,,,,,,,,,,,,,,,,
PPS-D-009593,0,0,0,0,0,0,0,0,0,0,0,0,0,0,0,0,0,0,0,0,0,0,0,0,,,,,,,,,,,,,,,,,,,,,,,,
PPS-D-007908,0,0,0,0,0,0,0,1,0,0,1,0,0,0,0,0,0,0,0,0,0,0,0,0,,,,,,,,"추고 아래의 자격을 모두 갖춘 자

가. 강원특별자치도에 주된 영업소의 소재지를 두고 있는 업체

나. ⌜중소기업제품 구매촉진 및 판로지원에 관한 법률」 제9조 제4항에 따라 도로명판(5512171702), 안내판걸이구(5512190801), 건물번호판(5512171701)에 대한 직접생산 확인 증명서를 발급 받은 업체(증명서 제출)

다. 최근 3년간 주소정보시설 일제조사 용역 실적이 있는 업체

라. 사업의 특성상 신속하고 정확한 주소정보시설 유지관리를 위한 장비(유압 크레인 등)를 보유(임차",,,,,,,,,,,,,,,,
PPS-D-003509,0,0,0,0,0,0,0,0,0,0,0,0,1,0,0,0,0,0,0,0,0,0,0,0,,,,,,,,,,,,,「중소기업법」 제 2조 제2항에 따른 소기업 또는 「소상공인 보호 및 지원에 관한 법률」 제2조에 따른 소상공인으로서 「중소기업자 범위 및 확인에 관한 규정」에 따라 발급된 <소기업·소상공인 확인서>를 소지한 자,,,,,,,,,,,
PPS-D-002007,0,0,0,0,0,0,0,0,0,0,0,0,1,0,0,0,1,0,0,0,0,0,0,0,,,,,,,,,,,,,"「중소기업기본법」 제2조제2항에 따른 소기업 또는 「소상공인 보호 및 지원에 관한 법률」 제2조에 따른 소상공인으로서, 「중소기업 범위 및 확인에 관한 규정」에 따라 발급된 소기업‧소상공인 확인서를 소지한 자",,,,"「중소기업기본법」 제2조제2항에 따른 소기업 또는 「소상공인 보호 및 지원에 관한 법률」 제2조에 따른 소상공인으로서, 「중소기업 범위 및 확인에 관한 규정」에 따라 발급된 소기업‧소상공인 확인서를 소지한 자",,,,,,,
PPS-D-016485,0,0,0,0,0,0,0,0,0,0,0,0,0,0,0,0,0,0,0,0,0,0,0,0,,,,,,,,,,,,,,,,,,,,,,,,
PPS-D-002103,0,0,1,0,0,0,0,0,0,0,0,0,0,0,0,0,0,0,0,0,0,0,0,0,,,8억 이상,,,,,,,,,,,,,,,,,,,,,
PPS-D-020795,0,0,0,0,0,0,0,0,0,0,0,0,0,0,0,0,0,0,0,0,0,0,0,0,,,,,,,,,,,,,,,,,,,,,,,,
PPS-D-018594,0,0,0,0,0,0,0,0,0,0,0,0,0,0,0,0,0,0,0,0,0,1,0,0,,,,,,,,,,,,,,,,,,,,,,본 입찰은 현장설명 참가신청을 하고 현장설명에 참여한 업체만 입찰할수 있습니다.,,
PPS-D-013234,0,0,0,0,0,0,0,0,0,0,0,0,0,0,0,0,0,0,0,0,0,0,0,0,,,,,,,,,,,,,,,,,,,,,,,,
PPS-D-011455,0,0,0,0,0,0,0,0,0,0,0,0,0,0,0,0,0,0,0,0,0,0,0,0,,,,,,,,,,,,,,,,,,,,,,,,
PPS-D-021313,0,0,0,0,0,0,0,0,0,0,0,0,0,0,0,0,0,0,0,0,0,0,0,0,,,,,,,,,,,,,,,,,,,,,,,,
PPS-D-000109,0,0,0,0,0,0,0,0,0,0,0,0,1,0,0,0,0,0,0,0,0,0,0,0,,,,,,,,,,,,,"1) ｢중소기업기본법｣제2조에 따른 소기업 또는｢소상공인 보호 및 지원에 관한 법률｣제2조에 따른 소상공인으로서,｢중소기업 범위 및 확인에 관한 규정｣에 따라 발급된 소기업·소상공인확인서를 소지한 자",,,,,,,,,,,
PPS-D-009575,0,0,0,0,0,0,0,0,0,0,0,0,1,0,0,0,0,0,0,0,0,0,0,0,,,,,,,,,,,,,⑤ ˹중소기업제품 구매촉진 및 판로지원에 관한 법률 시행령˼ 제2조의2에 따라 입찰마감일의 전일까지 ˹중소기업 범위 및 확인에 관한 규정˼에 따라 발급된 <중소기업 확인서(소기업·소상공인)>를 소지한 자,,,,,,,,,,,
PPS-D-017647,0,0,0,0,0,0,0,0,1,0,0,1,1,0,0,0,1,0,1,0,0,0,0,0,,,,,,,,,냉난방기 납품 장비는 냉난방기 통합제어를 위해 기존 설치된 제조사(엘지전자)와 호환가능한 제품이어야 합니다.,,,※ 직접생산확인증명서는 전자입찰서 제출마감일 전일까지 발급된 것으로 유효기간 내에 있어야 합니다.,｢중소기업기본법｣ 제2조에 따른 소기업 또는 ｢소상공인 보호 및 지원에 관한 법률｣ 제2조에 따른 소상공인으로서 소기업‧소상공인 확인서(계약체결일까지 제출해야하며 유효기간 내에 있어야 함)를 소지한 자,,,,｢중소기업기본법｣ 제2조에 따른 소기업 또는 ｢소상공인 보호 및 지원에 관한 법률｣ 제2조에 따른 소상공인으로서 소기업‧소상공인 확인서(계약체결일까지 제출해야하며 유효기간 내에 있어야 함)를 소지한 자,,공급업체는 계약 후 10일 이내에 제조사 또는 대리점의 물품공급 및 기술지원(A/S)확약서를 제출 가능해야 합니다.,,,,,
PPS-D-008520,0,0,0,0,0,0,0,0,0,0,0,0,1,0,0,0,1,0,0,0,0,0,0,0,,,,,,,,,,,,,「중소기업기본법」제2조 제2항에 따른 중소기업 또는 「소상공인기본법」 제2조에 따른 소상공인으로서 「중소기업 범위 및 확인에 관한 규정」에 따라 발급된 중소기업 또는 소상공인 확인서를 소지한 자.,,,,「중소기업기본법」제2조 제2항에 따른 중소기업 또는 「소상공인기본법」 제2조에 따른 소상공인으로서 「중소기업 범위 및 확인에 관한 규정」에 따라 발급된 중소기업 또는 소상공인 확인서를 소지한 자.,,,,,,,
PPS-D-000672,0,0,0,0,1,0,0,0,0,0,0,0,0,0,0,0,0,0,0,0,0,0,0,0,,,,,지역제한 입찰(울산광역시),,,,,,,,,,,,,,,,,,,
PPS-D-021375,0,0,0,0,0,0,0,0,0,0,0,0,0,0,0,0,0,0,0,0,0,1,0,0,,,,,,,,,,,,,,,,,,,,,,입찰설명회에 참석한 경우에 한함.,,
PPS-D-004008,0,0,0,0,0,0,0,0,0,0,0,0,0,0,0,0,0,0,0,0,0,0,0,0,,,,,,,,,,,,,,,,,,,,,,,,
PPS-D-000172,0,0,0,0,0,0,0,0,0,0,0,0,0,0,0,0,0,0,0,0,0,0,0,0,,,,,,,,,,,,,,,,,,,,,,,,
PPS-D-008175,0,0,0,0,0,0,0,0,0,0,0,0,0,0,0,0,0,0,0,0,0,0,0,0,,,,,,,,,,,,,,,,,,,,,,,,
PPS-D-020310,0,0,0,0,0,0,0,0,0,0,0,0,0,0,0,0,0,0,0,0,0,0,0,0,,,,,,,,,,,,,,,,,,,,,,,,
PPS-D-016860,0,0,0,0,0,0,0,0,1,0,0,0,0,0,0,0,0,0,0,0,0,0,0,0,,,,,,,,,ID본부 업무용 차량(EV3) 임차 용역,,,,,,,,,,,,,,,
PPS-D-021234,0,0,0,0,0,0,0,0,0,0,0,0,0,0,0,0,0,0,0,0,0,0,0,0,,,,,,,,,,,,,,,,,,,,,,,,
PPS-D-004912,0,0,0,0,0,0,0,0,0,0,0,0,1,0,0,0,1,0,0,0,0,0,0,1,,,,,,,,,,,,,"바. 입찰방법: 제한경쟁(총액, 지역제한)이며 협상에 의한 계약, 소기업 및 소상공인",,,,"바. 입찰방법: 제한경쟁(총액, 지역제한)이며 협상에 의한 계약, 소기업 및 소상공인",,,,,,,"사. 계약방법: 제한(경쟁), 지역제한, 협상에 의한 계약"
PPS-D-016648,0,0,0,0,0,0,0,0,0,0,0,0,1,0,0,0,0,0,0,0,0,0,0,0,,,,,,,,,,,,,「중소기업기본법」제2조에 따른 소기업자 및 「소상공인 보호 및 지원에 관한 법률」제2조에 따른 소상공인으로서 소기업ㆍ소상공인 확인서를 소지한 업체,,,,,,,,,,,
PPS-D-002407,0,0,1,0,0,0,0,0,0,0,0,0,0,0,0,0,0,0,0,0,0,0,0,0,,,건당 금액 5천만원 이상으로 5건 이상(5점),,,,,,,,,,,,,,,,,,,,,
PPS-D-019966,0,0,0,0,0,0,0,0,0,0,0,0,0,0,0,0,0,0,0,0,0,0,0,0,,,,,,,,,,,,,,,,,,,,,,,,
PPS-D-000410,0,0,0,0,0,0,0,0,0,0,0,0,0,0,0,0,0,0,0,0,0,0,0,0,,,,,,,,,,,,,,,,,,,,,,,,
PPS-D-012264,0,0,0,0,0,0,0,0,0,0,0,0,1,0,0,0,1,0,0,0,0,0,0,0,,,,,,,,,,,,,「중소기업기본법」제2조에 따른 중·소기업 및「소상공인 보호 및 지원에 관한 법률」제2조에 따른 소상공인으로서「중소기업 범위 및 확인에 관한 규정」에 따라 발급된 <소기업·소상공인 확인서>를 소지한 자.,,,,「중소기업기본법」제2조에 따른 중·소기업 및「소상공인 보호 및 지원에 관한 법률」제2조에 따른 소상공인으로서「중소기업 범위 및 확인에 관한 규정」에 따라 발급된 <소기업·소상공인 확인서>를 소지한 자.,,,,,,,
PPS-D-001064,0,0,0,0,0,0,0,0,0,0,0,0,0,0,0,0,0,0,0,0,0,0,0,0,,,,,,,,,,,,,,,,,,,,,,,,
PPS-D-019399,1,0,0,0,0,0,0,0,0,0,0,0,0,0,0,0,0,0,0,0,0,0,0,0,보험업법 제183조에 따라 금융위원회에 등록된 보험계리법인 또는 보험업법 제176조에 의한 보험요율 산출기관,,,,,,,,,,,,,,,,,,,,,,,
PPS-D-018942,0,0,0,0,0,0,0,0,0,0,0,0,1,0,0,0,0,0,0,0,0,0,0,0,,,,,,,,,,,,,③ 「중소기업기본법」 제2조에 따른 중소기업자 및 「소상공인 보호 및 지원에 관한 법률」 제2조에 따른 소상공인으로서 「중소기업 범위 및 확인에 관한 규정」에 따라 발급된 ‘중·소기업·소상공인 확인서(입찰참가자격등록마감일까지 발급된 것으로 유효기간 내에 있어야 함)’를 소지한 자,,,,,,,,,,,
PPS-D-015575,0,0,0,0,0,0,0,0,0,0,0,0,1,0,0,0,0,0,0,0,0,0,0,0,,,,,,,,,,,,,가.「중소기업기본법」제2조에 따른 소기업자 또는「소상공인 보호 및 지원에 관한 법률」제2조에 따른 소상공인으로서,,,,,,,,,,,
PPS-D-002163,0,0,0,0,0,0,0,0,0,0,0,0,1,0,0,0,1,0,0,0,0,0,0,0,,,,,,,,,,,,,「중소기업기본법」제2조 및 같은 법 시행령 제8조에 따른 소기업 또는 「소상공인 보호 및 지원에 관한 법률」제2조에 따른 소상공인으로 「중소기업 범위 및 확인에 관한 규정」에 따라 발급된 소기업 또는 소상공인 확인서를 소지한 업체이어야 합니다.,,,,「중소기업기본법」제2조 및 같은 법 시행령 제8조에 따른 소기업 또는 「소상공인 보호 및 지원에 관한 법률」제2조에 따른 소상공인으로 「중소기업 범위 및 확인에 관한 규정」에 따라 발급된 소기업 또는 소상공인 확인서를 소지한 업체이어야 합니다.,,,,,,,
PPS-D-012770,0,0,0,0,0,0,0,0,0,0,0,0,0,0,0,0,0,0,0,0,0,1,0,0,,,,,,,,,,,,,,,,,,,,,,"본 사업 「현장설명회」에 소정의 서류를 갖추어 참석하고, 설명을 청취(의무사항)한 업체",,
PPS-D-000741,0,0,0,0,0,0,0,0,0,0,0,0,0,0,0,0,1,0,0,0,0,0,0,0,,,,,,,,,,,,,,,,,「중소기업기본법」제2조에 따른 중·소기업자 또는「소상공인 보호 및 지원에 관한 법률」제2조에 따른 소상공인으로서「중소기업 범위 및 확인에 관한 규정」에 따라 발급된 <중·소기업·소상공인 확인서>를 소지한 자,,,,,,,
PPS-D-021448,0,0,0,0,0,0,0,0,0,0,0,0,0,0,0,0,0,0,0,0,0,0,0,0,,,,,,,,,,,,,,,,,,,,,,,,
PPS-D-008377,0,0,0,0,0,0,0,0,0,0,0,0,1,0,0,0,0,0,0,0,0,0,0,0,,,,,,,,,,,,,「중소기업기본법」제2조에 따른 소기업자 및「소상공인보호 및 지원에 관한 법률」제2조에 따른 소상공인으로서 중소기업 범위 및 확인에 관한 규정에 따라 발급된 소기업·소상공인확인서를 소지한 자,,,,,,,,,,,
PPS-D-005941,0,0,0,0,0,0,0,0,0,0,0,0,1,0,0,0,0,0,0,0,0,0,0,0,,,,,,,,,,,,,「중소기업기본법」 제2조에 따른 중·소기업자 및 「소상공인 보호 및 지원에 관한 법률」 제2조에 따른 소상공인 포함),,,,,,,,,,,
PPS-D-001734,0,0,0,0,0,0,0,0,0,0,0,0,1,0,0,0,1,0,0,0,0,0,0,0,,,,,,,,,,,,,② 「중소기업기본법」 제2조에 따른 소기업 또는 「소상공인 보호 및 지원에 관한 법률」 제2조에 따른 소상공인으로서 「중소기업 범위 및 확인에 관한 규정」에 따라 발급된 ‘소기업·소상공인 확인서[용도:공공기관입찰용]’를 소지한 자.,,,,② 「중소기업기본법」 제2조에 따른 소기업 또는 「소상공인 보호 및 지원에 관한 법률」 제2조에 따른 소상공인으로서 「중소기업 범위 및 확인에 관한 규정」에 따라 발급된 ‘소기업·소상공인 확인서[용도:공공기관입찰용]’를 소지한 자.,,,,,,,
PPS-D-018437,0,0,0,0,0,0,0,0,0,0,0,0,1,0,0,0,0,0,0,0,0,0,0,0,,,,,,,,,,,,,「중소기업기본법」 제2조제2항에 따른 소기업 또는 「소상공인기본법」 제2조에 따른 소상공인으로서 중소기업 범위 및 확인에 관한 규정에 따라 발급된 소기업·소상공인 확인서(중소기업확인서)(제출 마감일 전일까지 발급된 것으로 유효기간 내에 있어야 함)를 소지한 업체,,,,,,,,,,,
PPS-D-020060,0,0,0,0,0,0,0,0,0,0,0,0,0,0,0,0,0,0,0,0,0,0,0,0,,,,,,,,,,,,,,,,,,,,,,,,
PPS-D-001922,0,0,0,0,0,0,0,0,0,0,0,0,0,0,0,0,0,0,0,0,0,0,0,0,,,,,,,,,,,,,,,,,,,,,,,,
PPS-D-020719,0,0,0,0,0,0,0,0,0,0,0,0,0,0,0,0,0,0,0,0,0,0,0,0,,,,,,,,,,,,,,,,,,,,,,,,
PPS-D-019517,0,0,0,0,0,0,0,0,0,0,0,0,0,0,0,0,0,0,0,0,0,0,0,1,,,,,,,,,,,,,,,,,,,,,,,,다. 입찰 및 계약방법 : 일반경쟁입찰(협상에 의한 계약)
PPS-D-016164,0,0,0,0,0,0,0,0,0,0,0,0,0,0,0,0,0,0,0,0,0,0,0,0,,,,,,,,,,,,,,,,,,,,,,,,
PPS-D-003835,0,0,0,0,0,0,0,0,0,0,0,0,1,0,0,0,0,0,0,0,0,0,0,0,,,,,,,,,,,,,"1) ｢중소기업기본법｣제2조에 따른 소기업 또는｢소상공인 보호 및 지원에 관한 법률｣제2조에 따른 소상공인으로서,｢중소기업 범위 및 확인에 관한 규정｣에 따라 발급된 소기업·소상공인확인서를 소지한 자",,,,,,,,,,,
PPS-D-004122,0,0,0,0,0,0,0,0,0,0,0,0,1,0,0,0,0,0,0,0,0,0,0,0,,,,,,,,,,,,,판로지원법 시행령 제2조의2(중소기업자와의 우선조달계약)에 의거 소기업 또는 소상공인으로 관련 규정에 따른 중소기업확인서 소지자,,,,,,,,,,,
PPS-D-016509,0,0,0,0,0,0,0,0,0,0,0,0,0,0,0,0,0,0,0,0,0,0,0,0,,,,,,,,,,,,,,,,,,,,,,,,
PPS-D-019811,0,0,1,0,0,0,0,0,0,0,0,0,0,0,0,0,0,0,0,0,0,0,0,0,,,가. 입찰 금액의 100% 이상,,,,,,,,,,,,,,,,,,,,,
PPS-D-021896,0,0,0,0,0,0,0,0,0,0,0,0,0,0,0,0,0,0,0,0,0,0,0,0,,,,,,,,,,,,,,,,,,,,,,,,
PPS-D-003840,0,0,0,0,0,0,0,0,0,0,0,0,0,0,0,0,0,0,0,0,0,0,0,0,,,,,,,,,,,,,,,,,,,,,,,,
PPS-D-001874,0,0,0,0,0,0,0,0,0,0,0,0,1,0,0,0,1,0,0,0,0,0,0,0,,,,,,,,,,,,,「중소기업기본법」제2조에 따른 소기업 또는 「소상공인 보호 및 지원에 관한 법률」 제2조에 따른 소상공인으로서 「중소기업 범위 및 확인에 관한 규정」에 따라 발급된 소기업·소상공인 확인서를 소지한 업체이어야 하며,,,,「중소기업기본법」제2조에 따른 소기업 또는 「소상공인 보호 및 지원에 관한 법률」 제2조에 따른 소상공인으로서,,,,,,,
PPS-D-009295,0,0,0,0,0,0,0,0,0,0,0,0,1,0,0,0,0,0,0,0,0,0,0,0,,,,,,,,,,,,,「중소기업기본법」 제2조에 따른 소기업자 또는 「소상공인 보호 및 지원에 관한 법률」 제2조에 따른 소상공인으로서 「중소기업 범위 및 확인에 관한 규정」에 따라 발급된 소기업ㆍ소상공인확인서(용도 : 공공기관 입찰용)를 소지한 자,,,,,,,,,,,
PPS-D-009374,0,0,0,0,0,0,0,0,0,0,0,0,0,0,0,0,0,0,0,0,0,0,0,0,,,,,,,,,,,,,,,,,,,,,,,,
PPS-D-010473,0,0,0,0,0,0,0,0,0,0,0,0,0,0,0,0,0,0,0,0,0,0,0,0,,,,,,,,,,,,,,,,,,,,,,,,
PPS-D-009497,0,0,0,0,0,0,0,0,0,0,0,0,0,0,0,0,0,0,0,0,0,0,0,0,,,,,,,,,,,,,,,,,,,,,,,,
PPS-D-002883,0,0,0,0,0,0,0,0,0,0,0,0,1,0,0,0,0,0,0,0,0,0,0,0,,,,,,,,,,,,,「중소기업기본법」 제2조제2항에 따른 소기업 또는 「소상공인 보호 및 지원에 관한 법률」제2조에 따른 소상공인으로서,,,,,,,,,,,
PPS-D-016739,0,0,1,0,0,0,0,0,0,0,0,0,0,0,0,0,0,0,0,0,0,1,1,0,,,5건 상한으로 100세대 이상 공동주택 LPG집단공급 실적만 인정하며,,,,,,,,,,,,,,,,,,,"본 입찰은 현장설명회에 참가한 자에 한하여 입찰에 참가할 수 있으며, 참가하지 아니한 자의 입찰은 무효로 합니다.",가. 일시 : 2026년 04월 02일 (목) 14:00,
PPS-D-013627,0,0,0,0,0,0,0,0,0,0,0,0,0,0,0,0,0,0,0,0,0,0,0,0,,,,,,,,,,,,,,,,,,,,,,,,
PPS-D-001115,0,0,0,0,1,0,0,0,0,0,0,0,1,0,0,0,0,0,0,0,0,0,0,0,,,,,지역제한: 대구광역시,,,,,,,,중·소기업·소상공인,,,,,,,,,,,
PPS-D-000196,0,0,0,0,1,0,0,0,0,0,0,0,0,0,0,0,0,0,0,0,0,0,0,0,,,,,지역제한(제한지역: 서울특별시) 입찰입니다.,,,,,,,,,,,,,,,,,,,
PPS-D-008633,0,0,0,0,0,0,0,0,0,0,0,0,0,0,1,0,0,0,0,0,0,0,0,0,,,,,,,,,,,,,,,※ 본 입찰은 「중소기업제품 구매촉진 및 판로지원에 관한 법률」 시행령 제2조의3 제1항제5호에 의거 「건설폐기물의 재활용촉진에 관한 법률」 제4조 및 「폐기물관리법」 제13조에 해당되어 중소기업자와 우선조달계약의 예외에 해당됩니다.,,,,,,,,,
PPS-D-016600,0,0,0,0,0,0,0,0,0,0,0,0,1,0,0,0,0,0,0,0,0,0,0,0,,,,,,,,,,,,,「중소기업기본법」제2조 제2항에 따른 소기업 또는 「소상공인 보호 및 지원에 관한 법률」제2조에 따른 소상공인으로서 「중·소기업·소상공인 및 장애인기업 확인요령」에 따라 발급된 소기업 또는 소상공인 확인서를 소지한 업체,,,,,,,,,,,
PPS-D-021796,0,0,0,1,0,0,0,0,1,0,0,0,0,0,0,0,0,0,0,0,0,0,0,0,,,,(1) Lumerical FDTD,,,,,(1) Lumerical FDTD,,,,,,,,,,,,,,,
PPS-D-009019,0,0,0,0,0,0,0,0,0,0,0,0,1,0,0,0,0,0,0,0,0,0,0,0,,,,,,,,,,,,,"「중소기업기본법」제2조에 따른 중,소기업자 및 「소상공인 보호 및 지원에 관한 법률」제2조에 따른 소상공인으로서",,,,,,,,,,,
PPS-D-006997,0,0,0,0,0,0,0,0,0,0,0,0,0,0,0,0,0,0,0,0,0,0,0,0,,,,,,,,,,,,,,,,,,,,,,,,
PPS-D-002361,0,0,0,0,0,0,0,0,0,0,0,0,1,0,0,0,1,0,0,0,0,0,0,0,,,,,,,,,,,,,1) ｢중소기업기본법｣ 제2조에 따른 소기업 또는 ｢소상공인 보호 및 지원에 관한 법률｣ 제2조에 따른 소상공인으로서 ｢중소기업 범위 및 확인에 관한 규정｣에 따라 발급된 <소기업 또는 소상공인 확인서> 중 하나를 소지한 업체,,,,1) ｢중소기업기본법｣ 제2조에 따른 소기업 또는 ｢소상공인 보호 및 지원에 관한 법률｣ 제2조에 따른 소상공인으로서 ｢중소기업 범위 및 확인에 관한 규정｣에 따라 발급된 <소기업 또는 소상공인 확인서> 중 하나를 소지한 업체,,,,,,,
PPS-D-011116,0,0,0,0,0,0,0,0,0,0,0,0,1,0,0,0,0,0,0,0,0,0,0,0,,,,,,,,,,,,,「중소기업기본법」제2조에 따른 중·소기업 또는「소상공인 보호 및 지원에 관한 법률」제2조에 따른 소상공인으로서,,,,,,,,,,,
PPS-D-008402,0,0,0,0,0,0,0,0,0,0,0,0,0,0,0,0,0,0,0,0,0,0,0,0,,,,,,,,,,,,,,,,,,,,,,,,
PPS-D-012857,0,0,0,0,0,0,1,0,0,0,0,0,0,0,0,0,0,0,0,0,0,0,0,0,,,,,,,"지역제한(경기도 [지역:r1|단위=기초|광역=경기도],[지역:r2|단위=기초|광역=경기도],[지역:r3|단위=기초|광역=경기도]) 입찰입니다.",,,,,,,,,,,,,,,,,
PPS-D-005950,0,0,0,0,0,0,0,0,0,0,0,0,1,0,0,0,0,0,0,0,0,0,0,0,,,,,,,,,,,,,「중소기업기본법」제2조에 따른 소기업 또는「소상공인 보호 및 지원에 관한 법률」제2조에 따른 소상공인으로서「중소기업 범위 및 확인에 관한 규정」에 따라 발급된 소기업·소상공인 확인서를 소지한 업체,,,,,,,,,,,
PPS-D-004812,0,0,0,0,0,0,0,0,0,0,0,0,1,0,0,0,1,0,0,0,0,0,0,0,,,,,,,,,,,,,"중소기업기본법 제2조 제2항에 따른 소기업, 소상공인 보호 및 지원에 관한 법률 제2조에 따른 소기업·소상공인으로서",,,,"중소기업기본법 제2조 제2항에 따른 소기업, 소상공인 보호 및 지원에 관한 법률 제2조에 따른 소기업·소상공인으로서",,,,,,,
PPS-D-001006,0,0,0,0,0,0,0,0,0,0,0,0,1,0,0,0,0,0,0,0,0,0,0,0,,,,,,,,,,,,,중소기업기본법 제2조 제2항에 따른 「소기업 또는 소상공인 보호 및 지원에 관한 법률 제2조에 따른 소상공인으로서 소기업·소상공인확인서(전자입찰서 제출 마감일 전일까지 발급된 것으로 유효기간 내에 있는 것)를 소지한 업체 또는 「지방자치단체를 당사자로 하는 계약에 관한 법률 시행령」 제25조 제1항 제5호 마목에 따라「여성기업지원에 관한 법률」 제2조제1호에 따른 여성기업 또는 「장애인기업활동 촉진법」 제2조제2호에 따른 장애인 기업으로서 관련규정에 따라 발급된 여성기업확인서 또는 장애인기업확인서를 소지한 자,,,,,,,,,,,
PPS-D-007225,0,0,0,0,0,0,0,0,0,0,0,0,1,0,1,0,1,0,0,0,0,0,0,0,,,,,,,,,,,,,「중소기업기본법」 제2조제 2항에 따른 소기업 또는 「소상공인 기본법」 제2조에 따른 소상공인으로서,,「중소기업기본법」 제2조제 2항에 따른 소기업 또는 「소상공인 기본법」 제2조에 따른 소상공인으로서,,「중소기업기본법」 제2조제 2항에 따른 소기업 또는 「소상공인 기본법」 제2조에 따른 소상공인으로서,,,,,,,
PPS-D-018592,0,0,0,0,0,0,0,0,0,0,0,0,0,0,0,0,0,0,0,0,0,0,0,0,,,,,,,,,,,,,,,,,,,,,,,,
PPS-D-001032,0,0,0,0,0,0,0,0,0,0,0,0,0,0,0,0,0,0,0,0,0,0,0,0,,,,,,,,,,,,,,,,,,,,,,,,
PPS-D-020804,0,0,0,0,0,0,0,0,0,0,0,0,1,0,0,0,1,0,0,0,0,0,0,0,,,,,,,,,,,,,「중소기업기본법」제2조에 따른 소기업자 및 「소상공인 보호 및 지원에 관한 법률」제2조에 따른 소상공인으로서,,,,「중소기업기본법」제2조에 따른 소기업자 및 「소상공인 보호 및 지원에 관한 법률」제2조에 따른 소상공인으로서,,,,,,,
PPS-D-005506,0,0,0,0,0,0,0,0,0,0,0,0,0,0,0,0,0,0,0,0,0,0,0,0,,,,,,,,,,,,,,,,,,,,,,,,
PPS-D-000991,0,0,0,0,0,0,0,0,0,0,0,0,0,0,0,0,0,0,0,0,0,0,0,0,,,,,,,,,,,,,,,,,,,,,,,,
PPS-D-015379,0,0,0,0,0,0,0,0,0,0,1,0,0,0,0,0,0,0,0,0,0,0,0,0,,,,,,,,,,,,,,,,,,,,,,,,
PPS-D-014183,0,0,0,0,0,0,0,0,0,0,0,0,0,0,0,0,0,0,0,0,0,0,0,0,,,,,,,,,,,,,,,,,,,,,,,,
PPS-D-004805,0,0,0,0,0,0,0,0,0,0,0,0,1,0,0,0,0,0,0,0,0,0,0,0,,,,,,,,,,,,,「중소기업제품 구매촉진 및 판로지원에 관한 법률 시행령」제2조의3제1항제5호 및 중소기업제품 공공구매제도 운영요령 제44조에 따라 중소기업자와의 우선조달계약 대상에서 제외됩니다.,,,,,,,,,,,
PPS-D-019367,0,0,0,0,0,0,0,0,0,0,0,0,1,0,0,0,0,0,0,0,0,0,0,0,,,,,,,,,,,,,「중소기업기본법」제2조제2항에 따른 소기업 또는「소상공인 보호 및 지원에 관한법률」제2조에 따른 소상공인으로서 「중소기업 범위 및 확인에 관한 규정」에 따라 발급된 소기업/소상공인 확인서를 소지한 업체,,,,,,,,,,,
PPS-D-009071,0,0,0,0,0,0,0,0,0,0,0,0,0,0,0,0,0,0,0,0,0,0,0,0,,,,,,,,,,,,,,,,,,,,,,,,
PPS-D-007408,0,0,0,0,0,0,0,0,0,0,0,0,1,0,0,0,0,0,0,0,0,0,0,0,,,,,,,,,,,,,「중소기업기본법」 제2조에 따른 중·소기업 또는 「소상공인 보호 및 지원에 관한 법률」 제2조에 따른 소상공인으로서 「중소기업 범위 및 확인에 관한 규정」에 따라 발급된 ‘중·소기업·소상공인 확인서’를 소지한 업체,,,,,,,,,,,
PPS-D-006454,0,0,0,0,0,0,0,0,0,0,0,0,1,0,0,0,1,0,0,0,0,0,0,0,,,,,,,,,,,,,「중소기업기본법」제2조에 따른 소기업 또는 「소상공인 보호 및 지원에 관한 법률」제2조에 따른 소상공인으로서 「중소기업 범위 및 확인에 관한 규정」에 따라 발급된 <소기업·소상공인 확인서>를 소지한 자,,,,「중소기업기본법」제2조에 따른 소기업 또는 「소상공인 보호 및 지원에 관한 법률」제2조에 따른 소상공인으로서 「중소기업 범위 및 확인에 관한 규정」에 따라 발급된 <소기업·소상공인 확인서>를 소지한 자,,,,,,,
PPS-D-001901,0,0,0,0,0,0,0,0,0,0,0,0,0,0,0,0,0,0,0,0,0,0,0,0,,,,,,,,,,,,,,,,,,,,,,,,
PPS-D-003709,0,0,0,0,0,0,0,0,0,0,0,0,0,0,0,0,0,0,0,0,0,0,0,0,,,,,,,,,,,,,,,,,,,,,,,,
PPS-D-000393,0,0,0,0,0,0,0,0,0,0,0,0,0,0,0,0,0,0,0,0,1,0,0,0,,,,,,,,,,,,,,,,,,,,,"본 입찰은 총액입찰, 지역제한(충청남도), 청렴서약제 시행대상이며 공동수급이 허용되지 않습니다.",,,
PPS-D-008725,0,0,0,0,0,0,0,0,0,0,0,0,0,0,0,0,0,0,0,0,0,0,0,0,,,,,,,,,,,,,,,,,,,,,,,,
PPS-D-005834,0,0,0,0,0,0,1,0,0,0,0,0,0,0,0,0,0,0,0,0,0,0,0,0,,,,,,,"업장의 소재지)가 입찰공고일 전일 기준으로 [수요기관(행정기관)] 관내(부산광역시, 울산광역시, 경상남도)에 소재하는 업체
4.5. 「국가종합전자조달시스템 입찰참가자격등록규정」에 따라 나라장터(G2B)",,,,,,,,,,,,,,,,,
PPS-D-003352,0,0,0,0,0,0,0,0,0,0,0,0,0,0,0,0,0,0,0,0,0,0,0,0,,,,,,,,,,,,,,,,,,,,,,,,
PPS-D-018029,0,0,0,0,0,0,0,0,0,0,0,0,0,0,0,0,0,0,0,0,0,0,0,0,,,,,,,,,,,,,,,,,,,,,,,,
PPS-D-006160,0,0,0,0,0,1,0,0,0,0,0,0,0,0,0,0,0,0,0,0,0,0,0,0,,,,,,가. 주된 영업소의 본점 소재지(법인등기사항증명서 또는 개인사업자인 경우 사업자등록증에 기재된 사업장 소재지)가 입찰공고일 전일부터 계약체결일까지 ‘서울특별시'인 자,,,,,,,,,,,,,,,,,,
PPS-D-010652,0,0,0,0,0,0,0,0,0,0,0,0,0,0,0,0,0,0,0,0,0,0,0,0,,,,,,,,,,,,,,,,,,,,,,,,
PPS-D-006368,0,0,0,0,0,0,0,0,0,0,1,0,0,0,0,0,0,0,0,0,0,0,0,1,,,,,,,,,,,,,,,,,,,,,,,,"가. 본 입찰은 총액, 지역제한([지역:r1|단위=기초|광역=충청남도]), 제한적최저가입니다."
PPS-D-007589,0,0,0,0,0,0,0,0,0,0,0,0,1,0,0,0,1,0,0,0,0,0,0,0,,,,,,,,,,,,,「중소기업기본법」제2조 또는 「소상공인 보호 및 지원에 관한 법률」제2조에 따른 소기업·소상공인으로서「중소기업 범위 및 확인에 관한 규정」제4조에 따른 소기업·소상공인 확인서를 소지한 업체,,,,「중소기업기본법」제2조 또는 「소상공인 보호 및 지원에 관한 법률」제2조에 따른 소기업·소상공인으로서「중소기업 범위 및 확인에 관한 규정」제4조에 따른 소기업·소상공인 확인서를 소지한 업체,,,,,,,
PPS-D-012747,0,0,0,0,0,0,0,0,0,0,0,0,1,0,0,0,0,0,0,0,0,0,0,0,,,,,,,,,,,,,② 소기업·소상공인 확인서를 소지한 자,,,,,,,,,,,
PPS-D-015588,0,0,0,0,0,0,0,0,0,0,0,0,0,0,0,0,0,0,0,0,0,0,0,0,,,,,,,,,,,,,,,,,,,,,,,,
PPS-D-020098,0,0,0,0,0,0,0,0,1,0,0,0,0,0,0,0,0,0,0,0,0,0,0,0,,,,,,,,,"VisioNize Colud, cloud 기반의 web base monitoring system",,,,,,,,,,,,,,,
PPS-D-015976,0,0,0,0,0,0,0,0,0,0,0,0,1,0,0,0,1,0,0,0,0,0,0,0,,,,,,,,,,,,,"제한(소기업, 소상공인)경쟁",,,,"제한(소기업, 소상공인)경쟁",,,,,,,
PPS-D-017417,0,0,0,0,0,0,0,0,0,0,0,0,1,0,0,0,0,0,0,0,0,0,0,0,,,,,,,,,,,,,「중소기업기본법」제2조 제2항에 따른 소기업 또는 「소상공인 보호 및 지원에 관한 법률」제2조에 따른 소상공인으로서 「중소기업 범위 및 확인에 관한 규정」에 따라 발급된 소기업·소상공인 확인서를 소지한 자여야 합니다.,,,,,,,,,,,
PPS-D-014488,0,0,0,0,0,0,0,0,0,0,1,0,0,0,0,0,0,0,0,0,0,0,0,0,,,,,,,,,,,,,,,,,,,,,,,,
PPS-D-012886,0,0,0,0,0,0,0,0,0,0,0,0,0,0,0,0,0,0,0,0,0,0,0,0,,,,,,,,,,,,,,,,,,,,,,,,
PPS-D-004778,0,0,0,0,0,0,0,0,0,0,0,0,1,0,0,0,1,0,0,0,0,0,0,0,,,,,,,,,,,,,「중소기업기본법」 제2조에 따른 소기업자 및 「소상공인 기본법」 제2조에 따른 소상공인으로서 중소기업 범위 및 확인에 관한 규정에 따라 발급된 소기업·소상공인 확인서를 소지한 업체,,,,「중소기업기본법」 제2조에 따른 소기업자 및 「소상공인 기본법」 제2조에 따른 소상공인으로서 중소기업 범위 및 확인에 관한 규정에 따라 발급된 소기업·소상공인 확인서를 소지한 업체,,,,,,,
PPS-D-006640,0,0,0,0,0,0,0,0,0,0,0,0,0,0,0,0,0,0,0,0,0,0,0,0,,,,,,,,,,,,,,,,,,,,,,,,
PPS-D-006093,0,0,0,0,0,0,0,0,0,0,0,0,0,0,0,0,1,0,0,0,0,0,0,0,,,,,,,,,,,,,,,,,"중소기업기본법 제2조에 따른 중소기업자, 소상공인 보호 및 지원에 관한 법률 제2조에 따른 소기업·소상공인으로서",,,,,,,
PPS-D-007007,0,0,0,0,0,0,0,0,0,0,0,0,0,0,0,0,0,0,0,0,0,0,0,0,,,,,,,,,,,,,,,,,,,,,,,,
PPS-D-009825,1,0,0,0,0,0,0,0,0,0,0,0,0,0,0,0,0,0,0,0,0,0,0,0,「산업안전보건법」제74조에 따라 고용노동부장관의 지정을 받은 건설공사 지도분야 건설재해예방전문지도기관 중 대구지방고용노동청 관할 지도기관으로,,,,,,,,,,,,,,,,,,,,,,,
PPS-D-007596,0,0,0,0,0,0,0,0,0,0,0,0,0,0,0,0,0,0,0,0,0,0,0,0,,,,,,,,,,,,,,,,,,,,,,,,
PPS-D-020093,0,0,0,0,0,0,0,0,1,0,0,0,0,0,0,0,0,0,0,0,0,0,0,0,,,,,,,,,RTX PRO 4000 Blackwell D7 24GB x 2EA 탑재,,,,,,,,,,,,,,,
PPS-D-019038,0,0,0,0,0,0,0,0,0,0,0,0,1,0,0,0,0,0,0,0,0,0,0,0,,,,,,,,,,,,,「중소기업제품 구매촉진 및 판로지원에 관한 법률」시행령 제2조의2(중소기업자와의 우선조달계약)에 따른 소기업·소상공인으로서 ‘중소기업 범위 및 확인에 관한 규정’에 따라 발급된 소기업·소상공인 확인서를 소지한 자,,,,,,,,,,,
PPS-D-017247,0,0,0,0,0,0,0,0,0,0,0,0,1,0,1,0,1,0,0,0,0,0,0,0,,,,,,,,,,,,,「중소기업기본법」제2조제2항에 따른 소기업 및「소상공인기본법」제2조에 따른 소상공인으로서,,「중소기업기본법」제2조제2항에 따른 소기업 및「소상공인기본법」제2조에 따른 소상공인으로서,,「중소기업기본법」제2조제2항에 따른 소기업 및「소상공인기본법」제2조에 따른 소상공인으로서,,,,,,,
PPS-D-019870,0,0,0,0,0,0,0,0,0,0,0,0,0,0,0,0,0,0,0,0,0,0,0,0,,,,,,,,,,,,,,,,,,,,,,,,
PPS-D-007128,0,0,0,0,0,0,0,0,0,0,0,0,1,0,0,0,0,0,0,0,1,0,0,0,,,,,,,,,,,,,"중소기업기본법 제2조에 따른 중·소기업자 또는 소상공인 보호 및 지원에 관한 법률 제2조에 따른 소상공인으로서, 중소기업 범위 및 확인에 관한 규정에 따라 발급된 중·소기업, 소상공인확인서를 소지한 업체이어야 합니다.",,,,,,,,본 용역은 공동수급이 허용되지 않습니다.,,,
PPS-D-001361,0,0,0,0,0,0,1,0,0,0,0,0,0,0,0,0,0,0,0,0,0,0,0,0,,,,,,,"가·면허·등록·신고 등에 관련된 서류에
기재된 사업장의 소재지)를 계속 경상남도 또는 대구광역시에 둔 업체

사.「지방자치단체를 당사자로 하는 계약에 관한 법률」제31조 및 같은 법 시행령
제92조에 따",,,,,,,,,,,,,,,,,
PPS-D-002806,0,0,1,0,0,0,0,0,0,0,0,0,0,0,0,0,0,0,1,0,0,0,0,0,,,입찰공고일 기준 최근 5년간 준공된 동일분야 단일 계약 1건당 3억 원 이상인 이행실적 합산 평가,,,,,,,,,,,,,,,,낙찰자 또는 계약상대자는 착수 시 제조사 또는 공급사(물품공급기술지원협약서 참조)가 발행한 물품공급 및 기술지원 확약서를 발주처에 제출해야 함,,,,,
PPS-D-019586,0,0,0,0,0,0,0,0,0,0,0,0,0,0,0,0,0,0,0,0,0,0,0,0,,,,,,,,,,,,,,,,,,,,,,,,
PPS-D-011259,0,0,0,0,0,0,0,0,0,0,0,0,0,0,0,0,0,0,0,0,0,0,0,0,,,,,,,,,,,,,,,,,,,,,,,,
PPS-D-007766,0,0,0,0,0,0,0,0,0,0,0,0,1,0,0,0,0,0,0,0,0,0,0,0,,,,,,,,,,,,,「중소기업기본법」제2조에 따른 소기업 또는 「소상공인 보호 및 지원에 관한 법률」제2조에 따른 소상공인으로서,,,,,,,,,,,
PPS-D-018432,0,0,0,0,0,0,0,0,0,0,0,0,0,0,0,0,0,0,0,0,0,0,0,0,,,,,,,,,,,,,,,,,,,,,,,,
PPS-D-019467,0,0,0,0,0,0,0,0,0,0,0,0,0,0,0,0,0,0,0,0,0,0,0,0,,,,,,,,,,,,,,,,,,,,,,,,
PPS-D-017610,0,0,0,0,0,0,0,0,0,0,0,0,0,0,0,0,0,0,0,0,0,0,0,0,,,,,,,,,,,,,,,,,,,,,,,,
PPS-D-001814,0,0,0,0,0,0,0,0,0,0,0,0,0,0,0,0,0,0,0,0,0,0,0,0,,,,,,,,,,,,,,,,,,,,,,,,
PPS-D-004842,0,0,0,0,0,0,0,0,0,0,0,0,1,0,0,0,0,0,0,0,0,0,0,0,,,,,,,,,,,,,「중소기업제품 구매촉진 및 판로지원에 관한 법률」제2조에 따른 중소기업자 또는 「소상공인기본법」 제2조의 소상공인으로 [중·소기업(소상공인) 확인서]를 소지하고,,,,,,,,,,,
PPS-D-010554,0,0,0,0,0,0,0,0,0,0,0,0,0,0,0,0,0,0,0,0,0,0,0,0,,,,,,,,,,,,,,,,,,,,,,,,
PPS-D-020694,0,0,0,0,0,0,0,0,0,0,0,0,0,0,0,0,0,0,0,0,0,0,0,0,,,,,,,,,,,,,,,,,,,,,,,,
PPS-D-019304,0,0,0,0,0,0,0,0,0,0,0,0,0,0,0,0,0,0,0,0,0,0,0,0,,,,,,,,,,,,,,,,,,,,,,,,
PPS-D-011080,0,0,0,0,0,0,0,0,0,0,0,0,0,0,0,0,0,0,0,0,0,0,0,0,,,,,,,,,,,,,,,,,,,,,,,,
PPS-D-000355,0,0,0,0,0,0,0,0,0,0,0,0,1,0,0,0,0,0,0,0,0,0,0,0,,,,,,,,,,,,,②「중소기업기본법」 제2조제2항에 따른 소기업 또는 「소상공인 보호 및 지원에 관한 법률」제2조에 따른 소상공인으로서 『중소기업 범위 및 확인에 관한 규정』에 따라 발급된 “소기업 또는 소상공인 확인서”를 소지한 업체,,,,,,,,,,,
PPS-D-011340,0,0,0,0,0,0,0,0,0,0,0,0,0,0,0,0,0,0,0,0,0,0,0,0,,,,,,,,,,,,,,,,,,,,,,,,
PPS-D-000485,0,0,0,0,0,0,0,0,0,0,0,0,1,0,0,0,1,0,0,0,0,0,0,0,,,,,,,,,,,,,｢중소기업법｣ 제2조에 따른 소기업 또는｢소상공인보호 및 지원에 관한 법률｣ 제2조에 따른 소상공인으로서 ｢중소기업 범위 및 확인에 관한 규정｣에 따라 발급된 소기업·소상공인 확인서를 소지한 업체,,,,｢중소기업법｣ 제2조에 따른 소기업 또는｢소상공인보호 및 지원에 관한 법률｣ 제2조에 따른 소상공인으로서 ｢중소기업 범위 및 확인에 관한 규정｣에 따라 발급된 소기업·소상공인 확인서를 소지한 업체,,,,,,,
PPS-D-010821,0,0,0,0,0,0,0,0,0,0,0,0,1,0,0,0,0,0,0,0,0,0,0,0,,,,,,,,,,,,,② 중소기업기본법 제2조(중소기업자의 범위)」에 따른 중·소기업자 또는「소기업 및 소상공인 보호 및 지원에 관한 법률」제2조에 따른 소상공인으로서「중소기업범위 및 확인에 관한 규정」에 따라 발급된 중·소기업자·소상공인확인서를 소지한 자,,,,,,,,,,,
PPS-D-008527,0,0,0,0,0,0,0,0,0,0,0,0,0,0,0,0,0,0,0,0,0,0,0,0,,,,,,,,,,,,,,,,,,,,,,,,
PPS-D-010196,0,0,0,0,0,0,0,0,0,0,0,0,1,0,0,0,1,0,0,0,0,0,0,0,,,,,,,,,,,,,"「중소기업기본법」제2조에 따른 소기업 또는 「소상공인 보호 및 지원에 관한 법률」제2조에 따른 소상공인으로서, 「중소기업 범위 및 확인에 관한 규정」에 따라 발급된 소기업ㆍ소상공인확인서를 소지한 자이어야 합니다.",,,,"「중소기업기본법」제2조에 따른 소기업 또는 「소상공인 보호 및 지원에 관한 법률」제2조에 따른 소상공인으로서, 「중소기업 범위 및 확인에 관한 규정」에 따라 발급된 소기업ㆍ소상공인확인서를 소지한 자이어야 합니다.",,,,,,,
PPS-D-017066,1,0,0,0,0,0,0,0,0,0,0,0,0,0,0,0,0,0,0,0,0,0,0,0,"지방자치단체 [기관(협회)] 가입업체로써 최근 3년 이내 교육청 관할 수련, 교육여행 용역 유 경험업체로서 실적이 우수하고 건실한 업체.",,,,,,,,,,,,,,,,,,,,,,,
PPS-D-012218,0,0,0,0,0,0,0,0,0,0,0,0,1,0,0,0,1,0,0,0,0,0,0,0,,,,,,,,,,,,,「중소기업법」제2조2항에 따른 소기업 또는「소상공인 보호 및 지원에 관한 법률」제2조에 따른 소상공인으로서 「중소기업 범위 및 확인에 관한 규정」에 따라 발급된 소기업 또는 소상공인 확인서를 소지한 업체,,,,「중소기업법」제2조2항에 따른 소기업 또는「소상공인 보호 및 지원에 관한 법률」제2조에 따른 소상공인으로서 「중소기업 범위 및 확인에 관한 규정」에 따라 발급된 소기업 또는 소상공인 확인서를 소지한 업체,,,,,,,
PPS-D-002751,0,0,1,0,0,0,0,0,0,0,0,0,0,0,0,0,0,0,0,0,0,0,0,0,,,"기준금액 : 금110,152,309원(부가가치세 별도)",,,,,,,,,,,,,,,,,,,,,
PPS-D-016030,1,0,0,0,0,0,0,0,0,0,0,0,0,0,0,0,0,0,0,0,0,0,0,0,전시디자인설치업체로 코엑스에 등록된 업체,,,,,,,,,,,,,,,,,,,,,,,
PPS-D-012080,0,0,0,0,0,0,0,0,0,0,0,0,0,0,0,0,0,0,0,0,0,0,0,0,,,,,,,,,,,,,,,,,,,,,,,,
PPS-D-020573,1,0,0,0,0,0,0,0,0,0,0,0,0,0,0,0,0,0,0,0,0,0,0,0,"2025~2026 특허/K-브랜드분쟁 대응전략 지원사업, 수출 도전기업 IP위험 대응역량 강화사업을 위한 전문기관’으로 등록된 기관",,,,,,,,,,,,,,,,,,,,,,,
PPS-D-008289,0,0,0,0,0,0,0,0,0,0,0,0,1,0,0,0,1,0,0,0,0,0,0,0,,,,,,,,,,,,,「중소기업기본법」에 따른 소기업자 또는「소기업 및 소상공인 지원을 위한 특별조치법」제2조에 따른 소상공인으로서,,,,「중소기업기본법」에 따른 소기업자 또는「소기업 및 소상공인 지원을 위한 특별조치법」제2조에 따른 소상공인으로서,,,,,,,
PPS-D-004213,0,0,0,0,0,0,0,0,0,0,0,0,0,0,0,0,0,0,0,0,0,0,0,0,,,,,,,,,,,,,,,,,,,,,,,,
PPS-D-005749,0,0,0,0,0,0,0,0,0,0,0,0,1,0,0,0,0,0,0,0,0,0,0,0,,,,,,,,,,,,,「중소기업제품 구매촉진 및 판로지원에 관한 법률」 제9조 및 같은 법 시행령 제10조의 규정에 따라 직접생산확인증명서[통학운송서비스(세부품명번호: 7811189902)]를 소지한 업체로,,,,,,,,,,,
PPS-D-001406,0,0,0,1,0,0,0,0,0,0,0,0,1,0,0,0,1,0,0,0,0,0,0,0,,,,"인 확인서를 소지한 자

바. 입찰공고일 기준 최근 3년 이내 관공서, 공공기관, 대학(병원포함), 기업 등에 단일 건으로 1천만원(부가세 포함) 이상의 관련 실적이 있는 업체(공동도급계약 및 하도급 제외)

5. 참가신청시 제출서류(Ebiz4u에 참가신청 필수, 미신청",,,,,,,,,중소기업 및 소상공인으로서「중소기업 범위 및 확인에 관한 규정」에 따라 발급된 중·소기업·소상공인 확인서를 소지한 자,,,,중소기업 및 소상공인으로서「중소기업 범위 및 확인에 관한 규정」에 따라 발급된 중·소기업·소상공인 확인서를 소지한 자,,,,,,,
PPS-D-017437,0,0,0,0,0,0,0,0,0,0,0,0,0,0,0,0,0,0,0,0,0,0,0,0,,,,,,,,,,,,,,,,,,,,,,,,
PPS-D-001744,0,0,0,0,0,1,0,0,0,0,0,0,0,0,0,0,0,0,0,0,0,0,0,0,,,,,,대한민국 지역의 소재지를 두고,,,,,,,,,,,,,,,,,,
PPS-D-011132,0,0,0,0,0,0,0,0,0,0,0,0,0,0,0,0,0,0,0,0,0,0,0,0,,,,,,,,,,,,,,,,,,,,,,,,
PPS-D-019099,0,0,0,0,0,0,0,0,0,0,0,0,1,0,0,0,0,0,0,0,0,0,0,0,,,,,,,,,,,,,「중소기업기본법」제2조에 따른 중소기업자 또는 「소상공인 보호 및 지원에 관한 법률」제2조에 따른 소상공인으로서 「중소기업 범위 및 확인에 관한 규정」에 따라 발급된 중․소기업․소상공인 확인서(적격심사 서류제출 마감일까지 발급된 것으로 유효기간 내에 있어야 함)를 소지한 업체,,,,,,,,,,,
PPS-D-011200,0,0,0,0,0,0,0,0,0,0,0,0,1,0,0,0,1,0,0,0,0,0,0,0,,,,,,,,,,,,,「중소기업기본법」 제2조제2항에 따른 소기업 또는 「소상공인 보호 및 지원에 관한 법률」 제2조에 따른 소상공인으로서,,,,「중소기업기본법」 제2조제2항에 따른 소기업 또는 「소상공인 보호 및 지원에 관한 법률」 제2조에 따른 소상공인으로서,,,,,,,
PPS-D-001187,0,0,0,0,0,0,0,0,0,0,0,0,0,0,0,0,0,0,0,0,0,0,0,0,,,,,,,,,,,,,,,,,,,,,,,,
PPS-D-016257,0,0,0,0,0,0,0,0,0,0,0,0,1,0,0,0,0,0,0,0,0,0,0,0,,,,,,,,,,,,,다. 중소기업법 제2조제2항에 따른 소기업 또는 소상공인 보호 및 지원에 관현 법률 제2조에 따른 소상공인으로서 중소기업범위 및 확인에 관한 규정에 따라 발급된 소기업․소상공인 확인서를 소지한 자 이어야 합니다.,,,,,,,,,,,
PPS-D-017278,0,0,0,0,0,0,0,0,0,0,0,0,1,0,0,0,0,0,0,0,0,0,0,0,,,,,,,,,,,,,「중소기업기본법」제2조에 따른 소기업자 및 「소상공인 보호 및 지원에 관한 법률」제2조에 따른 소상공인으로서「중․소기업․소상공인 및 장애인기업 확인요령」에 따라 발급된 소기업․소상공인 확인서를 소지한 업체,,,,,,,,,,,
PPS-D-016559,0,0,0,0,0,0,0,0,0,0,0,0,0,0,0,0,0,0,0,0,0,0,0,0,,,,,,,,,,,,,,,,,,,,,,,,
PPS-D-016172,0,0,0,0,0,0,0,0,0,0,0,0,0,0,0,0,0,0,0,0,0,0,0,0,,,,,,,,,,,,,,,,,,,,,,,,
PPS-D-010094,0,0,1,0,0,0,0,0,1,0,0,0,0,0,0,0,0,0,0,0,0,0,0,1,,,최근 3년 이내 대학(교) 및 공공기관의 홈페이지 또는 종합정보시스템 유지보수 실적이 건당 1억원 이상 실적 3건 이상인 업체,,,,,,UI 툴 Visual Studio 2017,,,,,,,,,,,,,,,
PPS-D-014018,0,0,0,0,0,0,0,0,0,0,0,0,0,0,0,0,0,0,0,0,0,0,0,0,,,,,,,,,,,,,,,,,,,,,,,,
PPS-D-021181,0,0,0,0,0,0,0,0,0,0,0,0,1,0,0,0,1,0,0,0,0,0,0,0,,,,,,,,,,,,,｢중소기업기본법｣제2조에 따른 중소기업자 및 ｢소상공인 보호 및 지원에 관한 법률｣제2조에 따른 소상공인으로서 ｢중소기업 범위 및 확인에 관한 규정｣에 따라 발급된 소기업·소상공인확인서(서류 제출 마감일 전일까지 발급된 것으로 유효기간 내에 있어야 함)를 소지한 자,,,,｢중소기업기본법｣제2조에 따른 중소기업자 및 ｢소상공인 보호 및 지원에 관한 법률｣제2조에 따른 소상공인으로서 ｢중소기업 범위 및 확인에 관한 규정｣에 따라 발급된 소기업·소상공인확인서(서류 제출 마감일 전일까지 발급된 것으로 유효기간 내에 있어야 함)를 소지한 자,,,,,,,
PPS-D-012555,0,0,0,0,0,0,0,0,0,0,0,0,0,0,0,0,0,0,0,0,0,0,0,0,,,,,,,,,,,,,,,,,,,,,,,,
PPS-D-001798,0,0,0,0,0,0,0,0,0,0,0,0,1,0,0,0,0,0,0,0,0,0,0,0,,,,,,,,,,,,,"「중소기업제품 구매촉진 및 판로지원에 관한 법률 시행령」제2조의2(중소기업자와의 우선조달계약)제1항제1호 의거, 「중소기업법」제2조제2항에 따른 소기업 또는 「소상공인 보호 및 지원에 관한 법률」제2조에 따른 소상공인(중기업×)",,,,,,,,,,,
PPS-D-006128,0,0,0,0,0,0,0,0,0,0,0,0,0,0,0,0,0,0,0,0,0,0,0,0,,,,,,,,,,,,,,,,,,,,,,,,
PPS-D-012303,0,0,0,0,0,0,0,0,0,0,0,0,1,0,0,0,0,0,0,0,0,0,0,0,,,,,,,,,,,,,「중소기업기본법」 제2조에 따른 소기업 또는 「소상공인 보호 및 지원에 관한 법률」 제2조에 따른 소상공인인 업체로서,,,,,,,,,,,
PPS-D-021185,0,0,0,0,0,0,0,0,0,0,0,0,0,0,0,0,0,0,0,0,0,0,0,0,,,,,,,,,,,,,,,,,,,,,,,,
PPS-D-020579,0,0,0,0,0,0,1,0,0,0,0,0,0,0,0,0,0,0,0,0,0,0,0,1,,,,,,,"제출받는 수의계약 및 전자계약 대상입니다.

나. 총액견적, 지역제한(경상남도 및 부산광역시)견적입니다.

다. 중기업․소기업․소상공인 확인서 및 중소기업자간 경쟁제품 직접생산증명서 확인

라. 청렴",,,,,,,,,,,,,,,,,지역제한(경상남도 및 부산광역시)견적입니다.
PPS-D-008067,0,0,0,0,0,0,0,0,0,0,0,0,1,0,0,0,0,0,0,0,0,0,0,0,,,,,,,,,,,,,「중소기업기본법」 및 「소상공인 보호 및 지원에 관한 법률」에 따른 중소기업자로서 「중소기업범위 및 확인에 관한 규정」에 따라 발급된 중·소기업·소상공인확인서,,,,,,,,,,,
PPS-D-014042,0,0,0,0,0,0,0,0,0,0,0,0,1,0,0,0,1,0,0,0,0,0,0,0,,,,,,,,,,,,,「중소기업기본법」제2조에 따른 중소기업자로서 「중소기업 범위 및 확인에 관한 규정」에 따라 발급된 소기업·소상공인확인서를 소지한 자,,,,「중소기업기본법」제2조에 따른 중소기업자로서 「중소기업 범위 및 확인에 관한 규정」에 따라 발급된 소기업·소상공인확인서를 소지한 자,,,,,,,
PPS-D-013527,0,0,0,0,0,0,0,0,0,0,0,0,0,0,0,0,0,0,0,0,0,0,0,0,,,,,,,,,,,,,,,,,,,,,,,,
PPS-D-007378,0,0,0,0,0,0,0,0,0,0,0,0,1,0,0,0,0,0,0,0,0,0,0,0,,,,,,,,,,,,,"｢중소기업기본법｣ 제2조에 따른 소기업자, ｢중소기업제품 구매촉진 및 판로지원에 관한 법률｣ 제7조의2 규정에 따른 소기업 또는 소상공인으로서 중소기업벤처부에서 발급한 소기업․소상공인 확인서(개찰일 전일까지 발급된 것으로 개찰일(낙찰자는 계약체결일)까지 유효기간 내에 있어야 함)를 소지한 업체이어야 합니다.",,,,,,,,,,,
PPS-D-013869,0,0,0,0,0,0,0,0,0,0,0,0,0,0,0,0,0,0,0,0,0,0,0,0,,,,,,,,,,,,,,,,,,,,,,,,
PPS-D-018395,0,0,0,0,0,0,0,0,0,0,0,0,0,0,0,0,0,0,0,0,0,0,0,0,,,,,,,,,,,,,,,,,,,,,,,,
PPS-D-014628,0,0,0,0,0,0,0,0,0,0,0,0,1,0,0,0,0,0,0,0,0,0,0,0,,,,,,,,,,,,,「중소기업기본법」 제2조에 따른 중․소기업 또는 「소상공보호및지원에관한법률」 제2조에 따른 소상공인으로서,,,,,,,,,,,
PPS-D-009156,0,0,0,0,0,1,0,0,0,0,0,0,0,0,0,0,0,0,0,0,0,0,0,0,,,,,,"본점 소재지(개인사업자인 경우에는 사업자등록증 또는 관련 법령에 따른 허가·인가·면허·등록·신고 등에 관련된 서류에 기재된 사업장의 소재지)가 [지역:r2|단위=기초|광역=경상남도] 내에 있는 업체로서,",,,,,,,,,,,,,,,,,,
PPS-D-019024,0,0,0,0,0,0,0,0,1,0,0,0,1,0,0,0,0,0,0,0,0,0,0,0,,,,,,,,,3.5mm Beedless Airlines,,,,「중소기업법」제2조에 따른 소기업자 및 「소기업 및 소상공인 지원을 위한 특별조치법」제2조에 따른 소기업 또는 소상공인으로서,,,,,,,,,,,
PPS-D-009423,0,0,0,0,0,0,0,0,0,0,0,0,0,0,0,0,0,0,0,0,0,0,0,0,,,,,,,,,,,,,,,,,,,,,,,,
PPS-D-004447,0,0,0,0,0,0,0,0,1,0,0,0,0,0,0,0,0,0,0,0,0,0,0,0,,,,,,,,,HP 32 울트라 큰화면 고성능 올인원 PC RTX4050 48대,,,,,,,,,,,,,,,
PPS-D-000725,0,0,0,0,0,0,0,0,0,0,0,0,0,0,0,0,0,0,0,0,0,0,0,1,,,,,,,,,,,,,,,,,,,,,,,,
PPS-D-002757,0,0,0,0,0,0,0,0,0,0,0,0,1,0,0,0,0,0,0,0,0,0,0,0,,,,,,,,,,,,,본 견적은 「중소기업제품 구매촉진 및 판로지원에 관한 법률 시행령」 제2조의2에 의한「중소기업기본법」 제2조제2항의 소기업 또는「소상공인 기본법」 제2조 따른 소상공인인 업체(자)로서,,,,,,,,,,,
PPS-D-009380,0,0,0,0,0,0,0,0,0,0,0,0,0,0,0,0,0,0,0,0,0,0,0,0,,,,,,,,,,,,,,,,,,,,,,,,
PPS-D-015150,0,0,0,0,0,0,0,0,0,0,0,0,1,0,0,0,0,0,0,0,0,0,0,1,,,,,,,,,,,,,3) ｢중소기업기본법｣ 제2조에 따른 중·소기업 및 ｢소상공인 보호 및 지원에 관한 법률｣ 제2조에 따른 소상공인으로서 ｢중소기업 범위 및 확인에 관한 규정｣에 따라 발급된 <소기업·소상공인확인서>를 소지한 자,,,,,,,,,,,
PPS-D-014148,0,0,0,0,0,0,0,0,0,0,0,0,1,0,0,0,0,0,0,0,0,0,0,0,,,,,,,,,,,,,소기업 또는 소상공인 확인서(해당하는 경우) 1부,,,,,,,,,,,
PPS-D-002495,0,0,0,0,0,0,0,0,0,0,0,0,1,0,0,0,1,0,0,0,0,0,0,0,,,,,,,,,,,,,「판로지원법 시행령」제2조의2(중소기업자와의 우선조달계약)에 의거 소기업 또는 소상공인으로 관련 규정에 따른 중소기업확인서 소지자,,,,「판로지원법 시행령」제2조의2(중소기업자와의 우선조달계약)에 의거 소기업 또는 소상공인으로 관련 규정에 따른 중소기업확인서 소지자,,,,,,,
PPS-D-009666,0,0,0,0,0,0,0,0,0,0,1,0,0,0,0,0,0,0,0,0,0,0,0,0,,,,,,,,,,,,,,,,,,,,,,,,
PPS-D-004884,0,0,0,0,0,1,0,0,0,0,0,0,1,0,1,0,1,0,0,0,0,0,0,0,,,,,,본점 소재지(개인사업자인 경우에는 사업자등록증 또는 관련 법령에 따른 허가·인가·면허·등록·신고 등에 관련된 서류에 기재된 사업장의 소재지)가 [수요기관(기초자치단체)]에 소재한 업체로,,,,,,,「중소기업기본법」제2조에 따른 중ㆍ소기업 또는「소상공인기본법」제2조에 따른 소상공인으로서 『중소기업 범위 및 확인에 관한 규정』에 따라 발급된 ‘중ㆍ소기업ㆍ소상공인 확인서' 를 소지한 자,,「중소기업기본법」제2조에 따른 중ㆍ소기업 또는「소상공인기본법」제2조에 따른 소상공인으로서,,「중소기업기본법」제2조에 따른 중ㆍ소기업 또는「소상공인기본법」제2조에 따른 소상공인으로서,,,,,,,
PPS-D-018015,0,0,0,0,0,0,0,0,1,0,0,0,1,0,0,0,0,0,0,0,0,0,0,0,,,,,,,,,CPU Model : Q03UDVCPU,,,,「중소기업기본법」 제2조에 따른 소기업 또는 「소상공인 보호 및 지원에 관한 법률」 제2조에 따른 소상공인으로서 「중소기업 범위 및 확인에 관한 규정」에 따라 발급된 소기업·소상공인 확인서를 소지한 자,,,,,,,,,,,
PPS-D-001558,0,0,0,0,0,0,0,0,0,0,0,0,1,0,0,0,0,0,0,0,0,0,0,0,,,,,,,,,,,,,「중소기업기본법」제2조 제2항에 따른 소기업 또는「소상공인 보호 및 지원에 관한 법률」 제2조에 따른 소상공인으로서,,,,,,,,,,,
PPS-D-015120,0,0,0,0,0,0,0,0,0,0,0,0,0,0,0,0,0,0,0,0,0,0,0,0,,,,,,,,,,,,,,,,,,,,,,,,
PPS-D-020219,0,0,0,0,0,0,0,0,0,0,0,0,1,0,0,0,1,0,0,0,0,0,0,0,,,,,,,,,,,,,"『소기업 및 소상공인 지원을 위한 특별조치법』 제2조에 따른 소기업 또는 소상공인으로서, ‘중․소기업․소상공인 및 장애인 기업 확인 요령’에 따라 발급된 소기업 또는 소상공인 확인서를 소지한 업체",,,,"『소기업 및 소상공인 지원을 위한 특별조치법』 제2조에 따른 소기업 또는 소상공인으로서, ‘중․소기업․소상공인 및 장애인 기업 확인 요령’에 따라 발급된 소기업 또는 소상공인 확인서를 소지한 업체",,,,,,,
PPS-D-009976,0,0,0,0,0,0,0,0,0,0,0,0,0,0,0,0,0,0,0,0,0,0,0,0,,,,,,,,,,,,,,,,,,,,,,,,
PPS-D-014789,0,0,0,0,0,0,0,0,0,0,0,0,1,0,0,0,1,0,0,0,0,0,0,0,,,,,,,,,,,,,「중소기업기본법」제2조에 따른 중소기업자 또는「소상공인기본법」제2조에 따른 소상공인으로서 「중소기업 범위 및 확인에 관한 규정」에 따라 발급된 중소기업 또는 소상공인 확인서(적격심사 서류 제출마감일까지 발급된 자료 포함)를 소지한 자.,,,,「중소기업기본법」제2조에 따른 중소기업자 또는「소상공인기본법」제2조에 따른 소상공인으로서 「중소기업 범위 및 확인에 관한 규정」에 따라 발급된 중소기업 또는 소상공인 확인서(적격심사 서류 제출마감일까지 발급된 자료 포함)를 소지한 자.,,,,,,,
PPS-D-016583,0,0,0,0,0,0,0,0,0,0,0,0,1,0,0,0,0,0,0,0,0,0,0,0,,,,,,,,,,,,,「중소기업기본법」 제2조에 따른 소기업자 및 「소상공인 보호 및 지원에 관한 법률」 제2조에 따른 소상공인으로서 「중소기업 범위 및 확인에 관한 규정」에 따른 소기업 또는 소상공인 확인서를 소지한 업체,,,,,,,,,,,
PPS-D-016391,0,0,0,0,0,0,0,0,0,0,0,0,0,0,0,0,0,0,0,0,0,0,0,0,,,,,,,,,,,,,,,,,,,,,,,,
PPS-D-018316,0,0,0,0,0,0,0,0,0,0,0,0,0,0,0,0,0,0,0,0,0,0,0,0,,,,,,,,,,,,,,,,,,,,,,,,
PPS-D-008451,0,0,0,0,0,0,0,0,1,0,0,0,0,0,0,0,0,0,0,0,0,0,0,0,,,,,,,,,"○ 모 델: 주기관(16V2000M90, 16V4000M90, 16V2000M93L)/발전기관(12V183TE52)",,,,,,,,,,,,,,,
PPS-D-016639,0,0,0,0,0,0,0,0,0,0,0,0,0,0,0,0,0,0,0,0,0,0,0,0,,,,,,,,,,,,,,,,,,,,,,,,
PPS-D-021618,0,0,0,0,0,0,0,0,0,0,0,0,1,0,0,0,1,0,0,0,0,0,0,0,,,,,,,,,,,,,"「중소기업기본법」 제2조에 따른 중소기업 또는 「소상공인 보호 및 지원에 관한 법률」 제2조에 따른 소상공인으로서, 중소기업 범위 및 확인에 관한 규정에 따라 발급된 중·소기업·소상공인 확인서를 소지한 업체이어야 합니다.",,,,"「중소기업기본법」 제2조에 따른 중소기업 또는 「소상공인 보호 및 지원에 관한 법률」 제2조에 따른 소상공인으로서, 중소기업 범위 및 확인에 관한 규정에 따라 발급된 중·소기업·소상공인 확인서를 소지한 업체이어야 합니다.",,,,,,,
PPS-D-004353,0,0,0,0,0,0,0,0,0,0,0,0,1,0,0,0,0,0,0,0,0,0,0,0,,,,,,,,,,,,,「중소기업기본법」제2조에 규정된 소기업 및「소상공인 보호 및 지원에 관한 법룔」제2조에 따른 소상공인으로서「중소기업 범위 및 확인에 관한 규정」에 따라 발급된 소기업․소상공인 확인서를 소지한 업체이어야 합니다.,,,,,,,,,,,
PPS-D-019502,0,0,0,0,0,0,0,0,0,0,0,0,0,0,0,0,0,0,0,0,0,0,0,0,,,,,,,,,,,,,,,,,,,,,,,,
PPS-D-004400,0,0,0,0,0,0,0,0,1,0,0,0,0,0,0,0,0,0,0,0,0,0,0,0,,,,,,,,,"Amplitrode, VivoAmp™ and CV-Amp™",,,,,,,,,,,,,,,
PPS-D-012706,0,0,0,0,0,0,0,0,0,0,0,0,0,0,0,0,0,0,0,0,0,0,0,0,,,,,,,,,,,,,,,,,,,,,,,,
PPS-D-020786,0,0,0,0,0,0,0,0,0,0,0,0,1,0,0,0,0,0,0,0,0,0,0,0,,,,,,,,,,,,,3) ｢중소기업기본법｣ 제2조에 따른 소기업 또는 ｢소상공인 보호 및 지원에 관한 법률｣ 제2조에 따른 소상공인으로서 ｢중소기업 범위 및 확인에 관한 규정｣에 따라 발급 된 <소기업 또는 소상공인 확인서>를 소지한 업체,,,,,,,,,,,
PPS-D-001252,0,0,0,0,0,0,0,0,0,0,0,0,1,0,0,0,1,0,0,0,0,0,0,0,,,,,,,,,,,,,「중소기업제품 구매촉진 및 판로지원에 관한 법률 시행령」 제2조의2 제1항 제2호에 따라 소기업·소상공인으로서 중소기업·소상공인 및 장애인기업 확인 요령에 따른 소기업·소상공인 확인서(입찰마감일 전일까지 발급된 것으로 유효기간 내에 있어야 함)를 소지한 자(업체)이어야 합니다.,,,,「중소기업제품 구매촉진 및 판로지원에 관한 법률 시행령」 제2조의2 제1항 제2호에 따라 소기업·소상공인으로서 중소기업·소상공인 및 장애인기업 확인 요령에 따른 소기업·소상공인 확인서(입찰마감일 전일까지 발급된 것으로 유효기간 내에 있어야 함)를 소지한 자(업체)이어야 합니다.,,,,,,,
PPS-D-007458,0,0,0,0,0,0,0,0,0,0,0,0,0,0,0,0,0,0,0,0,0,0,0,0,,,,,,,,,,,,,,,,,,,,,,,,
PPS-D-015480,0,0,0,0,0,0,0,0,0,0,0,0,0,0,0,0,0,0,0,0,0,0,0,0,,,,,,,,,,,,,,,,,,,,,,,,
PPS-D-019000,0,0,0,0,0,0,0,0,0,0,0,0,1,0,0,0,0,0,0,0,0,0,0,0,,,,,,,,,,,,,「중소기업제품 구매촉진 및 판로지원에 관한 법률」시행령 제2조의2(중소기업자와의 우선조달계약)에 따른 소기업·소상공인으로서 ‘중소기업 범위 및 확인에 관한 규정’에 따라 발급된 소기업·소상공인 확인서를 소지한 자,,,,,,,,,,,
PPS-D-006891,0,0,0,0,0,0,0,0,0,0,0,0,0,0,0,0,0,0,0,0,0,0,0,0,,,,,,,,,,,,,,,,,,,,,,,,
PPS-D-004071,0,0,0,0,0,0,0,0,0,0,0,0,0,0,0,0,0,0,0,0,0,0,0,0,,,,,,,,,,,,,,,,,,,,,,,,
PPS-D-008875,0,0,0,0,0,0,0,0,0,0,0,0,0,0,0,0,0,0,0,0,0,0,0,0,,,,,,,,,,,,,,,,,,,,,,,,
PPS-D-006209,0,0,0,0,0,0,0,0,0,0,0,0,1,0,0,0,0,0,0,0,0,0,0,0,,,,,,,,,,,,,「중소기업기본법」제2조 및 동법 시행령 제8조에 따른 소기업과 「소상공인 보호 및 지원에 관한 법률」 제2조에 따른 소상공인으로 「중소기업 범위 및 확인에 관한 규정」에 따라 발급된 소기업 또는 소상공인확인서를 소지한 업체이어야 합니다.,,,,,,,,,,,
PPS-D-012698,0,0,0,0,0,0,0,0,1,0,0,0,1,0,0,0,0,0,0,0,0,0,0,0,,,,,,,,,글루네오 플러스 / 바로젠2 혈당측정기 일 것(기존 제품과 호환),,,,"「중소기업기본법」제2조 또는「소상공인 보호 및 지원에 관한 법률」제2조에 따른 소기업자, 소상공인으로서",,,,,,,,,,,
PPS-D-007694,0,0,0,0,0,0,0,0,0,0,0,0,0,0,1,0,0,0,0,0,0,0,0,0,,,,,,,,,,,,,,,본 용역은 추정가격 1억 원 이상 2억 3천만 원 미만 사업으로 「중소기업제품 구매촉진 및 판로지원에 관한 법률 시행령」제2조의2에 의거 「중소기업 범위 및 확인에 관한 규정」에 따라 발급된 중소기업확인서를 소지한 중소기업자로 계약상대자를 제한합니다.,,,,,,,,,
PPS-D-004991,0,0,0,0,0,0,0,0,0,0,0,0,1,0,0,0,1,0,0,0,0,0,0,0,,,,,,,,,,,,,「중소기업기본법」제2조제2항에 따른 소기업 또는「소상공인 보호 및 지원에 관한 법률」 제2조에 따른 소상공인으로서「중소기업 범위 및 확인에 관한 규정」에 따라 발급된 소기업 또는 소상공인확인서를 소지한 자이어야 합니다.,,,,「중소기업제품 구매촉진 및 판로지원에 관한 법률」제9조 및 같은 법 시행령 제10조의 규정에 따라 직접생산확인증명서[통학운송서비스(세부품명번호: 7811189902)]를 소지한 자로 전자입찰서 제출 마감일 전일까지 발급된 것으로 유효기간 내에 있어야 합니다.,,,,,,,
PPS-D-019080,0,0,0,0,0,0,0,0,0,0,0,0,1,0,0,0,0,0,0,0,0,0,0,0,,,,,,,,,,,,,「중소기업기본법」제2조제2항에 따른 소기업 또는 「소상공인 보호 및 지원에 관한 법률」제2조에 따른 소상공인으로,,,,,,,,,,,
PPS-D-001586,0,0,0,0,0,0,0,0,1,0,0,0,1,0,0,0,1,0,0,0,0,0,0,0,,,,,,,,,Trapezoid방식의 스탠드를 적용해 무거운 하중을 버티며 움직임이 적은 제품,,,,"「중소기업기본법」제2조에 따른 소기업 또는 「소상공인 보호 및 지원에 관한 법률」제2조에 따른 소상공인으로서, 「중소기업 범위 및 확인에 관한 규정」에 따라 발급된 소기업ㆍ소상공인확인서를 소지한 자이어야 합니다.",,,,"「중소기업기본법」제2조에 따른 소기업 또는 「소상공인 보호 및 지원에 관한 법률」제2조에 따른 소상공인으로서, 「중소기업 범위 및 확인에 관한 규정」에 따라 발급된 소기업ㆍ소상공인확인서를 소지한 자이어야 합니다.",,,,,,,
PPS-D-015166,0,0,0,0,0,0,0,0,0,0,0,0,1,0,0,0,0,0,0,0,0,0,0,0,,,,,,,,,,,,,「중소기업기본법」제2조2항에 따른 소기업 또는 「소상공인 기본법」제2조에 따른 소상공인으로 소기업‧소상공인확인서(전자입찰서 제출 마감일 전일까지 발급된 것으로 유효기간 내에 있어야 함)를 소지한 자,,,,,,,,,,,
PPS-D-019810,0,0,0,0,0,0,0,0,0,0,0,0,0,0,0,0,0,0,0,0,0,0,0,0,,,,,,,,,,,,,,,,,,,,,,,,
PPS-D-008581,0,0,0,0,0,1,0,0,0,0,0,0,0,0,0,0,0,0,0,0,0,0,0,0,,,,,,주된 영업소가 충청북도 내에 있는 업체이어야 하며,,,,,,,,,,,,,,,,,,
PPS-D-007176,0,0,0,0,0,0,0,0,0,0,0,0,1,0,0,0,0,0,0,0,0,0,0,0,,,,,,,,,,,,,「중소기업기본법」제2조 제2항에 따른 소기업 또는 「소상공인 보호 및 지원에 관한 법률」 제2조에 따른 소상공인으로서 「중소기업 범위 및 확인에 관한 규정」에 따라 발급된 <소기업·소상공인 확인서>를 소지한 업체이어야 합니다.,,,,,,,,,,,
PPS-D-021035,0,0,0,0,0,0,0,0,0,0,0,0,1,0,0,0,1,0,0,0,0,0,0,0,,,,,,,,,,,,,「중소기업기본법」 제2조2항 및 「소상공인 보호 및 지원에 관한 법률」 제2조에 따른 소기업 또는 소상공인으로서,,,,「중소기업기본법」 제2조2항 및 「소상공인 보호 및 지원에 관한 법률」 제2조에 따른 소기업 또는 소상공인으로서,,,,,,,
PPS-D-001763,0,0,0,0,0,1,0,0,0,0,0,0,1,0,0,0,0,0,0,0,0,0,0,0,,,,,,법인등기부상 본점 소재지(개인사업자인 경우에는 사업자등록증 또는 관련 법령에 따른 허가·인가·면허·등록·신고 등에 관련된 서류에 기재된 사업장의 소재지)를 세종특별자치시 내에 둔 업체이어야 합니다.,,,,,,,"「중소기업기본법」제2조 따른 소기업 또는 「소상공인 보호 및 지원에 관한 법률」제2조에 따른 소상공인으로서, 「중소기업 범위 및 확인에 관한 규정」에 따라 발급된 소기업·소상공인 확인서를 소지한 업체이어야 합니다.",,,,,,,,,,,
PPS-D-018123,0,0,0,0,0,0,0,0,0,0,0,0,0,0,0,0,0,0,0,0,0,0,0,0,,,,,,,,,,,,,,,,,,,,,,,,
PPS-D-007244,0,0,0,0,0,0,0,0,0,0,0,0,1,0,0,0,1,0,0,0,0,0,0,0,,,,,,,,,,,,,라. 「중소기업 기본법」제2조 제2항에 따른 소기업 또는 「소상공인기본법」제2조에 따른 소상공인으로 「중소기업 범위 및 확인에 관한 규정」에 따라 발급된 소기업 또는 소상공인 확인서를 소지한 업체이어야 합니다.,,,,라. 「중소기업 기본법」제2조 제2항에 따른 소기업 또는 「소상공인기본법」제2조에 따른 소상공인으로 「중소기업 범위 및 확인에 관한 규정」에 따라 발급된 소기업 또는 소상공인 확인서를 소지한 업체이어야 합니다.,,,,,,,
PPS-D-010837,0,0,0,0,0,0,0,0,0,0,0,0,1,0,0,0,1,0,0,0,0,0,0,0,,,,,,,,,,,,,「중소기업기본법」제2조에 따른 소기업자 또는「소상공인 보호 및 지원을 위한 법률」제2조에 따른 소상공인으로서,,,,「중소기업기본법」제2조에 따른 소기업자 또는「소상공인 보호 및 지원을 위한 법률」제2조에 따른 소상공인으로서,,,,,,,
PPS-D-000240,0,0,1,0,0,0,0,1,0,0,0,0,0,0,0,0,0,0,0,0,0,0,0,1,,,"라. 대학(교) 실적 10년 이상, 최근 3년 내 단일 계약건으로 연간 5억원 이상의 실적이 있는 업체",,,,,"」신고와, 경비업법에 의한 「시설경비업」으로 등록된

업체로서 경기도에 주된 영업소의 소재(본사)를 둔 업체

라. 대학(교) 실적 10년 이상, 최근 3년 내 단일 계약건으로 연간 5억원 이상의 실적이 있는 업체

5. 입찰방법 : 일반경쟁입찰(협상에의한계약)

6. 입찰보증금의 귀속

낙찰자가 낙찰일로부",,,,,,,,,,,,,,,,
PPS-D-004507,0,0,0,0,0,1,0,0,0,0,0,0,1,0,0,0,1,0,0,0,0,0,0,0,,,,,,본점소재지(개인사업자인 경우 사업자등록증 또는 관련 법령에 따른 허가.인가.면허.등록.신고 등에 관련된 서류에 기재된 사업자의 소재지)를 [수요기관(기초자치단체)]내에 있고,,,,,,,「중소기업기본법」 제2조에 규정된 소기업 또는 「소상공인 보호 및 지원에 관한 법률」 시행령 제2조에 따른 소상공인으로서 “중소기업‧소상공인 및 장애인기업확인요령”에 따라 발급된 소기업‧소상공인확인서를 소지한 업체,,,,「중소기업기본법」 제2조에 규정된 소기업 또는 「소상공인 보호 및 지원에 관한 법률」 시행령 제2조에 따른 소상공인으로서 “중소기업‧소상공인 및 장애인기업확인요령”에 따라 발급된 소기업‧소상공인확인서를 소지한 업체,,,,,,,
PPS-D-008407,0,0,0,0,0,0,0,0,0,0,0,0,1,0,0,0,1,0,0,0,0,0,0,0,,,,,,,,,,,,,「중소기업기본법」제2조에 따른 소기업자 또는 「소상공인보호 및 지원에 관한 법률」제2조에 따른 소상공인으로서 「중소기업 범위 및 확인에 관한 규정」에 따라 발급된 <소기업·소상공인 확인서>를 소지한 업체,,,,「중소기업기본법」제2조에 따른 소기업자 또는 「소상공인보호 및 지원에 관한 법률」제2조에 따른 소상공인으로서 「중소기업 범위 및 확인에 관한 규정」에 따라 발급된 <소기업·소상공인 확인서>를 소지한 업체,,,,,,,
PPS-D-012592,0,0,0,0,0,0,0,0,0,0,0,0,1,0,0,0,0,0,0,0,0,0,0,0,,,,,,,,,,,,,"본 입찰은 기초금액이 추정가격 1억원 미만의 물품‧용역을 조달하는 경우로서 「중소기업기본법」 제2조제2항에 따른 소기업, 「소상공인기본법」 제2조에 따른 소상공인 등에 한하여 참가를 허용함",,,,,,,,,,,
PPS-D-012437,0,0,0,0,0,0,0,0,0,0,0,0,1,0,0,0,0,0,0,0,0,0,0,0,,,,,,,,,,,,,②「중소기업기본법」제2조에 따른 소기업 또는「소상공인 보호 및 지원에 관한 법률」제2조에 따른 소상공인으로서「중소기업 범위 및 확인에 관한 규정」에 따라 발급된 소기업·소상공인 확인서(용도 : 공공기관 입찰용)를 소지한 자.,,,,,,,,,,,
PPS-D-016893,0,0,0,0,0,0,0,0,0,0,0,0,0,0,0,0,0,0,0,0,0,0,0,0,,,,,,,,,,,,,,,,,,,,,,,,
PPS-D-002151,0,0,0,0,0,0,0,0,0,0,0,0,0,0,0,0,0,0,0,0,0,0,0,0,,,,,,,,,,,,,,,,,,,,,,,,
PPS-D-014674,0,0,0,0,0,0,0,0,0,0,0,0,0,0,0,0,0,0,0,0,0,0,0,0,,,,,,,,,,,,,,,,,,,,,,,,
PPS-D-016341,0,0,0,0,0,0,0,0,0,0,0,0,1,0,0,0,0,0,0,0,0,0,0,0,,,,,,,,,,,,,바. 소기업(중소기업제품 구매촉진 및 판로지원에 관한 법률 제2조) 또는 소상공인(소상공인 보호 및 지원에 관한 법률 제2조)으로 「중소기업 범위 및 확인에 관한 규정」에 따라 발급된 소기업(또는 소상공인) 확인서를 보유한 업체,,,,,,,,,,,
PPS-D-016579,0,0,0,0,0,0,0,0,0,0,0,0,1,0,0,0,0,0,0,0,0,0,0,0,,,,,,,,,,,,,「중소기업기본법」 제2조에 따른 소기업 또는 「소상공인 보호 및 지원에 관한 법률」 제2조에 따른 소상공인으로서 「중소기업 범위 및 확인에 관한 규정」에 따라 발급된 소기업·소상공인확인서를 소지한 업체,,,,,,,,,,,
PPS-D-008032,0,0,0,0,0,0,0,0,0,0,1,0,0,0,0,0,0,0,0,0,0,0,0,0,,,,,,,,,,,,,,,,,,,,,,,,
PPS-D-010575,0,0,0,0,0,0,0,0,0,0,0,0,1,0,0,0,0,0,0,0,0,0,0,0,,,,,,,,,,,,,｢중소기업기본법｣ 제2조에 따른 소기업자 및 ｢소상공인 보호 및 지원에 관한 법률｣ 제2조에 따른 소상공인으로서 ｢중소기업 범위 및 확인에 관한 규정｣에 따라 발급된 <소기업·소상공인 확인서>를 소지한 자,,,,,,,,,,,
PPS-D-019358,0,0,0,0,0,0,0,0,0,0,0,0,0,0,0,0,0,0,0,0,0,0,0,0,,,,,,,,,,,,,,,,,,,,,,,,
PPS-D-020586,0,0,1,0,0,0,0,1,0,0,0,0,1,0,0,0,0,0,0,0,0,0,0,0,,,"공고일 전일 기준 최근 3년 이내 축제 및 행사 단일건(50,000천원 이상)으로 1건 이상 완료한 실적이 있는 업체",,,,,"등록된 업체로 다음의 요건을 모두 만족하여야 합니다.

※ 법인등기부상 본점 소재지 기준일은 “입찰공고일 전일”로 하며, 입찰일(낙찰자는 계약체결일)까지 당해 자격을 계속 유지하여야 합니다.

※ 신규사업자(법인인 경우 법인등기일, 개인사업자인 경우 사업자등록일을 기준으로 한다)인 경우 입찰공고일 이후를 포함합니다.

② 공고일 현재 나라장터에 경비업법 제4조에 따른 경비업(시설경비업 1164, 신변보호업 1166 및 혼잡·교통유도경비업 2775) 등록을 필한 업체 및 과업지시서 상의 과업수행이 가능한 업체로 지방자치단체를 당사자로 하는 계약에 관한 법률 시행령 제92조 규정에 의한 입찰참가자격 제한을 받지 않는 업체이어야 합니다.

③ 공고일 전일 기준 최근 3년 이내 축제 및 행사 단일건(50,000천원 이상)으로 1건 이상 완료한 실적이 있는 업체로 실적증명서 제출이 가능한 업체여야 합니다.

※ 미제출할 경우 사전판정 시 부적격자로 제외됩니",,,,,「중소기업기본법」 제2조 2항에 따른 소기업 또는 「소상공인 보호 및 지원에 관한 법률」제2조에 따른 소상공인으로서 「중·소기업·소상공인 및 장애인기업 확인요령」에 따라 발급된 소기업·소상공인확인서를 소지한 업체여야 합니다.,,,,,,,,,,,
PPS-D-011192,0,0,0,0,0,0,0,0,0,0,0,0,1,0,0,0,1,0,0,0,0,0,0,0,,,,,,,,,,,,,「중소기업기본법」제2조제2항에 따른 소기업 또는「소상공인 보호 및 지원에 관한 법률」 제2조의 따른 소상공인 업체로서,,,,「중소기업기본법」제2조제2항에 따른 소기업 또는「소상공인 보호 및 지원에 관한 법률」 제2조의 따른 소상공인 업체로서,,,,,,,
PPS-D-006506,0,0,0,0,0,1,0,0,0,0,0,0,0,0,0,0,0,0,0,0,0,0,0,0,,,,,,"당해 사업수행을 위한 요건을 갖추고, 공고일 현재 전라남도에 소재하여야 함",,,,,,,,,,,,,,,,,,
PPS-D-000874,0,0,0,0,0,0,0,0,0,0,0,0,0,0,0,0,0,0,0,0,0,0,0,0,,,,,,,,,,,,,,,,,,,,,,,,
PPS-D-009318,0,0,0,0,0,0,0,0,0,0,0,0,0,0,0,0,0,0,0,0,0,0,0,0,,,,,,,,,,,,,,,,,,,,,,,,
PPS-D-014004,0,0,0,0,0,0,0,0,0,0,0,0,1,0,0,0,0,0,0,0,0,0,0,0,,,,,,,,,,,,,「중소기업기본법」 제2조에 따른 소기업자 및 「소상공인 보호 및 지원에 관한 법률」 제2조에 따른 소상공인으로서 중소기업 범위 및 확인에 관한 규정에 따라 발급된 소기업‧소상공인 확인서를 소지한 업체,,,,,,,,,,,
PPS-D-011419,0,0,1,0,0,0,0,0,0,0,0,0,0,0,0,0,0,0,0,0,0,0,0,0,,,사업수행능력(이행실적) 2억원 이상 5,,,,,,,,,,,,,,,,,,,,,
PPS-D-004247,0,0,0,0,0,0,0,0,0,0,0,0,0,0,1,0,0,0,0,0,0,0,0,0,,,,,,,,,,,,,,,※ 이 용역은「중소기업제품 구매촉진 및 판로지원에 관한 법률 시행령」제2조의3 제1항 2호 규정에 의거 중소기업자와의 우선조달계약에서 제외됩니다.,,,,,,,,,
PPS-D-007101,0,0,0,0,0,0,0,0,0,0,0,0,1,0,0,0,0,0,0,0,0,0,0,0,,,,,,,,,,,,,"「중소기업기본법」 제2조 제2항에 따른 소기업 또는「소상공인 보호 및 지원에 관한 법률」제2조에 따른 소상공인으로, 중소기업 범위 및 확인에 관한 규정에 따라 발급된 소기업ㆍ소상공인 확인서를 소지한 업체이어야 합니다.",,,,,,,,,,,
PPS-D-004002,0,0,0,0,0,0,0,0,0,0,0,0,1,0,0,0,0,0,0,0,0,0,0,0,,,,,,,,,,,,,"「중소기업기본법」제2조에 따른 중·소기업 또는「소상공인 보호 및 지원에 관한 법률」제2조에 따른 소상공인으로서,「중소기업 범위 및 확인에 관한 규정」에 따라 발급된 중기업ㆍ소기업ㆍ소상공인확인서를 소지한 자이어야 합니다.",,,,,,,,,,,
PPS-D-001669,0,0,0,0,0,0,0,0,0,0,0,0,1,0,0,0,0,0,0,0,0,0,0,0,,,,,,,,,,,,,◐ 「중소기업기본법」제2조에 따른 소기업 또는 「소상공인 보호 및 지원에 관한 법률」제2조에 따른 소상공인으로서 「중소기업 범위 및 확인에 관한 규정」에 따라 발급된 〈중소기업·소상공인 확인서〉를 소지한 자,,,,,,,,,,,
PPS-D-016677,0,0,0,0,0,0,0,0,0,0,0,0,0,0,0,0,0,0,0,0,0,0,0,0,,,,,,,,,,,,,,,,,,,,,,,,
PPS-D-019327,0,0,0,0,0,0,0,0,0,0,0,0,1,0,0,0,0,0,0,0,0,0,0,0,,,,,,,,,,,,,「중소기업기본법」제2조 제2항에 따른 소기업 또는 「소상공인 보호 및 지원에 관한 법률」제2조에 따른 소상공인 업체로서 「중소기업 범위 및 확인에 관한 규정」에 따라 발급된 소기업확인서 또는 소상공인확인서를 소지한 업체이어야 합니다.,,,,,,,,,,,
PPS-D-006452,0,0,0,0,0,0,0,0,0,0,0,0,0,0,0,0,1,0,0,0,0,0,0,0,,,,,,,,,,,,,,,,,나. 「중소기업기본법」제2조에 따른 중소기업자로서 중소기업확인서*를 소지한 업체,,,,,,,
PPS-D-001776,0,0,0,0,0,0,0,0,0,0,0,0,0,0,0,0,0,0,0,0,0,0,0,0,,,,,,,,,,,,,,,,,,,,,,,,
PPS-D-020907,0,0,0,0,0,0,0,0,0,0,0,0,1,0,0,0,1,0,0,0,0,0,0,0,,,,,,,,,,,,,중소기업제품 구매촉진 및 판로지원에 관한 법률 시행령 제2조의2(중소기업자와의 우선조달계약)제1항제1호에 의하여 중소기업기본법 제2조제2항에 따른 소기업인 자 또는 소상공인 보호 및 지원에 관한 법률 제2조에 따른 소상공인인 자로서 “소기업 또는 소상공인 확인서”를 소지한 자,,,,중소기업제품 구매촉진 및 판로지원에 관한 법률 시행령 제2조의2(중소기업자와의 우선조달계약)제1항제1호에 의하여 중소기업기본법 제2조제2항에 따른 소기업인 자 또는 소상공인 보호 및 지원에 관한 법률 제2조에 따른 소상공인인 자로서 “소기업 또는 소상공인 확인서”를 소지한 자,,,,,,,
PPS-D-000389,0,0,0,0,0,0,0,0,0,0,0,0,1,0,0,0,0,0,0,0,0,0,0,0,,,,,,,,,,,,,「중소기업기본법」 제2조에 따른 중소기업 또는 「소상공인 보호 및 지원에 관한 법률」제2조에 따른 소상공인인 자로서,,,,,,,,,,,
PPS-D-000185,0,0,0,0,0,0,0,0,0,0,0,0,0,0,0,0,0,0,0,0,0,0,0,0,,,,,,,,,,,,,,,,,,,,,,,,
PPS-D-011311,0,0,0,0,0,0,0,0,0,0,0,0,0,0,0,0,0,0,0,0,0,0,0,1,,,,,,,,,,,,,,,,,,,,,,,,
PPS-D-000483,0,0,0,0,1,0,0,0,0,0,0,0,0,0,0,0,0,0,0,0,0,0,0,0,,,,,다. 본 입찰은 지역제한입찰(지역: 서울특별시)입니다.,,,,,,,,,,,,,,,,,,,
PPS-D-005775,0,0,0,0,0,0,0,0,0,0,0,0,0,0,0,0,0,0,0,0,0,0,0,0,,,,,,,,,,,,,,,,,,,,,,,,
PPS-D-017500,0,0,0,0,0,0,0,0,0,0,0,0,0,0,0,0,0,0,0,0,0,0,0,0,,,,,,,,,,,,,,,,,,,,,,,,
PPS-D-013673,0,0,0,0,0,0,0,0,0,0,0,0,1,0,0,0,0,0,0,0,0,0,0,0,,,,,,,,,,,,,｢중소기업기본법｣ 제2조제2항에 의한 소기업 또는 ｢소상공인 보호 및 지원에 관한 법률｣ 제2조에 따른 소상공인으로서 “중·소기업·소상공인 및 장애인기업 확인 요령”에 따라 발급된 소기업·소상공인 확인서(전자입찰서 제출 마감일 전일까지 발급된 것으로 유효기간 이내)를 소지한 업체이어야 합니다.,,,,,,,,,,,
PPS-D-007996,0,0,0,0,0,0,0,0,0,0,0,0,1,0,0,0,0,0,0,0,0,0,0,0,,,,,,,,,,,,,「중소기업기본법」 제2조에 따른 중소기업 또는 「소상공인 보호 및 지원에 관한 법률」 제2조에 따른 소상공인으로서,,,,,,,,,,,
PPS-D-008768,0,0,0,0,0,0,0,0,0,0,0,0,1,0,0,0,0,0,0,0,0,0,0,0,,,,,,,,,,,,,「중소기업기본법」제2조(중소기업자의 범위)에 따른 ‘중·소기업자 및 「소상공인 보호 및 지원에 관한 법률」 제2조(정의)에 따른 소상공인으로서 「중소기업 범위 및 확인에 관한 규정」에 따라 발급된 ‘중·소기업·소상공인 확인서’를 소지한 자이어야 합니다.,,,,,,,,,,,
PPS-D-007487,0,0,0,0,0,0,0,0,0,0,0,0,0,0,0,0,0,0,0,0,0,0,0,0,,,,,,,,,,,,,,,,,,,,,,,,
PPS-D-003208,0,0,0,0,0,0,0,0,0,0,0,0,0,0,0,0,0,0,0,0,0,0,0,0,,,,,,,,,,,,,,,,,,,,,,,,
PPS-D-011087,0,0,0,0,0,0,0,0,1,0,0,0,1,0,0,0,0,0,0,0,0,0,0,0,,,,,,,,,해석 프로그램(Ansys CFD Premium) 연간 유지보수,,,,「중소기업기본법」 제2조에 따른 소기업자 또는 「소상공인 보호 및 지원에 관한 법률」 제2조에 따른 소상공인으로서 「중소기업 범위 및 확인에 관한 규정」에 따라 소기업·소상공인확인서를 소지한 자,,,,,,,,,,,
PPS-D-021228,0,0,0,0,0,0,0,0,1,0,0,0,0,0,0,0,0,0,0,0,0,0,0,0,,,,,,,,,2. 냉각수공급장치(jeiotech HL-10) 1 set,,,,,,,,,,,,,,,
PPS-D-005107,0,0,0,0,0,0,0,0,0,0,0,0,0,0,0,0,0,0,0,0,0,0,0,0,,,,,,,,,,,,,,,,,,,,,,,,
PPS-D-010385,0,0,0,0,0,0,0,0,0,0,0,0,0,0,0,0,0,0,0,0,0,0,0,0,,,,,,,,,,,,,,,,,,,,,,,,
PPS-D-007131,0,0,0,0,0,0,0,0,0,0,0,0,1,0,0,0,0,0,0,0,0,0,0,0,,,,,,,,,,,,,「중소기업기본법」제2조 제2항에 따른 소기업 또는 「소상공인 보호 및 지원에 관한 법률」제2조에 따른 소상공인 업체로서,,,,,,,,,,,
PPS-D-012152,0,0,0,0,0,0,0,0,0,0,0,0,0,0,0,0,0,0,0,0,1,0,0,0,,,,,,,,,,,,,,,,,,,,,"다. 공동수급체는 대표사를 포함하여 2개사 이내로 하며, 대표[담당자] 반드시 입찰에 참가하여야 합니다.",,,
PPS-D-011986,0,0,0,0,0,0,0,0,0,0,0,0,1,0,0,0,1,0,0,0,0,0,0,0,,,,,,,,,,,,,「중소기업기본법」제2조에 따른 소기업 또는 「소상공인 보호 및 지원에 관한 법률」제2조에 따른 소상공인으로 「중소기업 범위 및 확인에 관한 규정」에 따라 발급된 소기업 또는 소상공인 확인서를 소지한 자 또는 비영리법인,,,,「중소기업기본법」제2조에 따른 소기업 또는 「소상공인 보호 및 지원에 관한 법률」제2조에 따른 소상공인으로 「중소기업 범위 및 확인에 관한 규정」에 따라 발급된 소기업 또는 소상공인 확인서를 소지한 자 또는 비영리법인,,,,,,,
PPS-D-015104,0,0,0,0,0,0,0,0,0,0,0,0,0,0,0,0,0,0,0,0,0,1,0,0,,,,,,,,,,,,,,,,,,,,,,※ 현장설명회 미 참여시 업체선정 제외,,
PPS-D-017625,0,0,0,0,0,1,0,0,0,0,0,0,1,0,0,0,1,0,0,0,0,0,0,0,,,,,,법인등기부상 본점소재지(개인사업자인 경우에는 사업자등록증 또는 관련 법령에 따른 허가·인가·면허·등록·신고 등에 관련된 서류에 기재된 사업장의 소재지)가 입찰공고일 전일부터 개찰일(낙찰자는 계약체결일까지)까지 계속 전북특별자치도에 소재한 자,,,,,,,「중소기업기본법」 제2조에 따른 소기업자 또는 「소상공인 보호 및 지원에 관한 법률」 제2조에 따른 소상공인으로서 「중소기업 범위 및 확인에 관한 규정」에 따라 발급된 소기업ㆍ소상공인확인서를 소지한 자,,,,「중소기업기본법」 제2조에 따른 소기업자 또는 「소상공인 보호 및 지원에 관한 법률」 제2조에 따른 소상공인으로서 「중소기업 범위 및 확인에 관한 규정」에 따라 발급된 소기업ㆍ소상공인확인서를 소지한 자,,,,,,,
PPS-D-009983,0,0,0,0,0,0,0,0,0,0,0,0,1,0,0,0,0,0,0,0,0,0,0,0,,,,,,,,,,,,,｢중소기업기본법｣ 제2조 제2항에 따른 소기업 또는 ｢소상공인 보호 및 지원에 관한 법률｣ 제2조에 따른 소상공인으로서 ｢중소기업 범위 및 확인에 관한 규정｣에 따라 발급된 소기업․소상공인 확인서를 소지한 업체이어야 합니다.,,,,,,,,,,,
PPS-D-015403,0,0,0,0,0,0,0,0,0,0,0,0,0,0,0,0,0,0,0,0,0,0,0,0,,,,,,,,,,,,,,,,,,,,,,,,
PPS-D-001300,0,0,0,0,0,0,0,0,0,0,0,0,1,0,0,0,0,0,0,0,0,0,0,0,,,,,,,,,,,,,본 용역은 「중소기업제품 구매촉진 및 판로지원에 관한 법률 시행령」제2조2 제1호에 따른 소기업 또는 소상공인간 제한입찰이며,,,,,,,,,,,
PPS-D-020224,0,0,0,0,0,0,0,0,0,0,0,0,1,0,0,0,0,0,0,0,0,0,0,0,,,,,,,,,,,,,「중소기업제품 구매촉진 및 판로지원에 관한 법률」 제4조 및 같은 법 시행령 제2조의 2에 따라 소상공인 또는 중.소기업 확인서를 소지한 업체,,,,,,,,,,,
PPS-D-016279,0,0,0,0,0,0,0,0,0,0,0,0,1,0,0,0,1,0,0,0,0,0,0,0,,,,,,,,,,,,,"「중소기업기본법」 제2조 제2항에 따른 소기업, 「소상공인기본법」 제2조에 따른 소상공인으로서 「중소기업 범위 및 확인에 관한 규정」에 따라 발급된 ‘소기업․소상공인 확인서’를 소지한 자",,,,소기업·소상공인 제한,,,,,,,
PPS-D-014035,0,0,0,1,0,0,0,0,0,0,0,0,0,0,0,0,0,0,0,0,0,0,0,0,,,,"(인) 발급기관명 (직인)

[수요기관(중학교)]분임경리관 귀하
※ 중.고등학교 실적만 해당

- 23 - - 24 -
[붙임 11]

가격제안서
(낙찰업체만 해당)

1. 건 명 : 2026",,,,,,,,,,,,,,,,,,,,
PPS-D-010704,0,0,0,0,0,0,0,0,0,0,0,0,0,0,0,0,0,0,0,0,0,0,0,0,,,,,,,,,,,,,,,,,,,,,,,,
PPS-D-013565,0,0,1,0,0,0,0,0,0,0,0,0,0,0,0,0,0,0,0,0,0,0,0,0,,,"HRD컨설팅, 평가 등 유사분야 단일 건 2천만 원(부가세 포함) 이상 용역 실적",,,,,,,,,,,,,,,,,,,,,
PPS-D-021678,0,0,0,0,0,0,0,1,0,0,0,0,0,0,0,0,0,0,0,0,0,0,0,0,,,,,,,,"산업 진흥법」에 따른 “소프트웨어사업자” 신고확인을 받은 사업자

라. 본점 소재지를 서울특별시, 인천광역시 또는 경기도에 둔 사업자

마. 최근 3년간 본 용역과 유사한 사업수행 완료실적이 있는 사업자

바. 계약시, 본 사업의 UI개발 플랫폼에 대한 밴더사의 기술지원 확약서를 제출 가능한 자

사.",,,,,,,,,,,,,,,,
PPS-D-020553,0,0,0,0,0,0,0,0,0,0,0,0,0,0,0,0,0,0,0,0,0,0,0,0,,,,,,,,,,,,,,,,,,,,,,,,
PPS-D-011666,0,0,0,0,0,0,0,0,0,0,0,0,1,0,0,0,1,0,0,0,0,0,0,0,,,,,,,,,,,,,「중소기업기본법」제2조에 따른 소기업 및 「소상공인 보호 및 지원에 관한 법률」제2조에 따른 소상공인인 업체로서,,,,「중소기업기본법」제2조에 따른 소기업 및 「소상공인 보호 및 지원에 관한 법률」제2조에 따른 소상공인인 업체로서,,,,,,,
PPS-D-019696,0,0,0,0,0,0,0,0,0,0,0,0,1,0,0,0,0,0,0,0,0,0,0,0,,,,,,,,,,,,,⑥「중소기업기본법」제2조에 따른 소기업 또는「소상공인 기본법」제2조에 따른 소상공인으로서「중소기업 범위 및 확인에 관한 규정」에 따라 발급된 <소기업·소상공인 확인서> 를 소지한 자.,,,,,,,,,,,
PPS-D-001998,0,0,0,0,0,0,0,0,1,0,0,0,1,0,0,0,0,0,0,0,0,0,0,0,,,,,,,,,품 목 : 웹한글 기안기 V2.0,,,,「중소기업기본법」제2조에 따른 소기업자 또는「소상공인 보호 및 지원에 관한법률」 제2조에 따른 소상공인으로서 「중소기업 범위 및 확인에 관한 규정」에 따라 발급된 중소기업(소기업·소상공인) 확인서를 소지한 업체,,,,,,,,,,,
PPS-D-004048,0,0,0,0,0,0,0,0,0,0,0,0,1,0,0,0,0,0,0,0,0,0,0,0,,,,,,,,,,,,,｢중소기업기본법｣ 제2조에 따른 중소기업자 및 ｢소상공인 보호 및 지원에 관한 법률｣ 제2조에 따른 소상공인으로서,,,,,,,,,,,
PPS-D-005773,0,0,0,0,0,0,0,0,0,0,0,0,1,0,0,0,0,0,0,0,1,0,0,0,,,,,,,,,,,,,"중소기업기본법 제2조에 따른 중소기업자, 소상공인 보호 및 지원에 관한 법률 제2조에 따른 소기업·소상공인으로서",,,,,,,,공동수급(공동이행방식)이 허용되지 않습니다.,,,
PPS-D-008167,0,0,0,0,0,0,0,0,0,0,0,0,1,0,0,0,1,0,0,0,0,0,0,0,,,,,,,,,,,,,「중소기업기본법」 제2조에 따른 소기업과 「소상공인 보호 및 지원에 관한 법률」 제2조에 따른 소상공인으로서 「중소기업 범위 및 확인에 관한 규정」에 따라 발급된 ‘소기업·소상공인 확인서(입찰참가자격등록마감일까지 발급된 것으로 유효기간 내에 있어야 함)’를 소지한 자,,,,「중소기업기본법」 제2조에 따른 소기업과 「소상공인 보호 및 지원에 관한 법률」 제2조에 따른 소상공인으로서 「중소기업 범위 및 확인에 관한 규정」에 따라 발급된 ‘소기업·소상공인 확인서(입찰참가자격등록마감일까지 발급된 것으로 유효기간 내에 있어야 함)’를 소지한 자,,,,,,,
PPS-D-021622,0,0,0,0,0,0,0,0,0,0,0,0,0,0,0,0,0,0,0,0,0,0,0,0,,,,,,,,,,,,,,,,,,,,,,,,
PPS-D-020178,0,0,0,0,0,0,0,0,0,0,0,0,0,0,0,0,0,0,0,0,0,0,0,0,,,,,,,,,,,,,,,,,,,,,,,,
PPS-D-017531,0,0,0,0,0,0,0,0,0,0,0,0,0,0,0,0,0,0,0,0,0,0,0,0,,,,,,,,,,,,,,,,,,,,,,,,
PPS-D-016232,0,0,0,0,0,0,0,0,0,0,0,0,0,0,0,0,0,0,0,0,0,0,0,0,,,,,,,,,,,,,,,,,,,,,,,,
PPS-D-007042,0,0,0,0,0,0,0,0,0,0,0,0,1,0,0,0,0,0,0,0,0,0,0,0,,,,,,,,,,,,,「중소기업기본법」 제2조 제2항에 따른 중소기업 또는「소상공인 보호 및 지원에 관한 법률」 제2조에 따른 소상공인으로서 「중소기업 범위 및 확인에 관한 규정」에 따라 발급된 중소기업 또는 소상공인 확인서를 소지한 업체,,,,,,,,,,,
PPS-D-008958,0,0,0,0,0,0,0,0,0,0,0,0,0,0,0,0,0,0,0,0,0,0,0,0,,,,,,,,,,,,,,,,,,,,,,,,
PPS-D-003662,0,0,0,0,0,0,0,0,0,0,0,0,0,0,0,0,0,0,0,0,0,0,0,0,,,,,,,,,,,,,,,,,,,,,,,,
PPS-D-017897,0,0,0,0,0,0,0,0,0,0,0,0,1,0,0,0,1,0,0,0,0,0,0,0,,,,,,,,,,,,,「중소기업기본법」제2조에 따른 중소기업 및「소상공인 보호 및 지원에 관한 법률」제2조에 따른 소상공인으로서「중소기업 범위 및 확인에 관한 규정」에 따라 발급된 중·소기업 또는 소상공인 확인서를 소지한 업체,,,,「중소기업기본법」제2조에 따른 중소기업 및「소상공인 보호 및 지원에 관한 법률」제2조에 따른 소상공인으로서「중소기업 범위 및 확인에 관한 규정」에 따라 발급된 중·소기업 또는 소상공인 확인서를 소지한 업체,,,,,,,
PPS-D-014090,0,0,0,0,0,0,0,0,0,0,0,0,0,0,0,0,0,0,0,0,0,0,0,0,,,,,,,,,,,,,,,,,,,,,,,,
PPS-D-001983,0,0,0,0,0,0,0,0,0,0,0,0,0,0,0,0,0,0,0,0,0,0,0,0,,,,,,,,,,,,,,,,,,,,,,,,
PPS-D-002991,0,0,0,0,0,0,0,0,0,0,0,0,1,0,0,0,0,0,0,0,0,0,0,0,,,,,,,,,,,,,「중소기업기본법」 제2조에 따른 중소기업 또는 「소상공인기본법」제2조에 따른 소상공인으로서 「중소기업 범위 및 확인에 관한 규정」에 따라 발급된 중·소기업·소상공인 확인서를 소지한 자이어야 하며,,,,,,,,,,,
PPS-D-017583,0,0,0,0,0,0,0,0,0,0,0,0,1,0,0,0,0,0,0,0,0,0,0,0,,,,,,,,,,,,,「중소기업기본법」제2조 및「소상공인 보호 및 지원에 관한 법률」제2조에 따른 소기업·소상공인으로서「중소기업 범위 및 확인에 관한 규정」에 따라 발급된 <소기업·소상공인 확인서>를 소지한 자,,,,,,,,,,,
PPS-D-005451,0,0,0,0,0,0,0,0,0,0,0,0,1,0,0,0,1,0,0,0,0,0,0,0,,,,,,,,,,,,,「중소기업제품 구매촉진 및 판로지원에 관한 법률 시행령」제2조의2에 의거「중소기업기본법」제2조에 따른 중·소기업 또는「소상공인기본법」제2조에 따른 소상공인으로 등록된 업체,,,,「중소기업제품 구매촉진 및 판로지원에 관한 법률 시행령」제2조의2에 의거「중소기업기본법」제2조에 따른 중·소기업 또는「소상공인기본법」제2조에 따른 소상공인으로 등록된 업체,,,,,,,
PPS-D-021592,0,0,0,0,0,0,0,0,0,0,0,0,0,0,0,0,0,0,0,0,0,0,0,0,,,,,,,,,,,,,,,,,,,,,,,,
PPS-D-008003,0,0,0,0,0,0,0,0,0,0,0,0,0,0,0,0,0,0,0,0,0,0,0,0,,,,,,,,,,,,,,,,,,,,,,,,
PPS-D-010810,0,0,0,0,0,0,0,0,0,0,0,0,1,0,0,0,0,0,0,0,0,0,0,0,,,,,,,,,,,,,「중소기업기본법」 제2조에 따른 중소기업자 또는 「소상공인 보호 및 지원에 관한 법률」 제2조에 따른 소상공인으로서 「중소기업 범위 및 확인에 관한 규정」에 따라 발급된 중소기업ㆍ소상공인 확인서를 소지한 자,,,,,,,,,,,
PPS-D-002819,0,0,0,0,0,1,0,0,0,0,0,0,1,0,0,0,0,0,0,0,0,0,0,0,,,,,,주된 영업소재지(법인인 경우 본사 소재지)가 [수요기관(기초자치단체)]에 소재한 업체로서,,,,,,,「중․소기업․소상공인 및 장애인기업 확인요령」에 따라 발급된 소기업·소상공인확인서(전자입찰서 제출 마감일 전일까지 발급된 것으로 유효기간 내에 있어야 함)를 소지한 업체,,,,,,,,,,,
PPS-D-020841,0,0,0,0,0,0,0,0,1,0,0,0,0,0,0,0,0,0,0,0,0,0,0,0,,,,,,,,,2026년 진단검사의학과 장비[ABL90FLEX] 시약 구매 전자입찰공고,,,,,,,,,,,,,,,
PPS-D-015381,0,0,0,0,0,0,0,0,0,0,0,0,1,0,0,0,0,0,0,0,0,0,0,0,,,,,,,,,,,,,「중소기업기본법」제2조에 따른 소기업자 또는「소상공인 보호 및 지원에 관한 법률」제2조에 따른 소상공인으로서 「중소기업 범위 및 확인에 관한 규정」에 따라 발급된 ‘소기업․소상공인 확인서’를 소지한 자,,,,,,,,,,,
PPS-D-008817,0,0,0,0,0,0,0,0,0,0,0,0,0,0,0,0,0,0,0,0,0,0,0,0,,,,,,,,,,,,,,,,,,,,,,,,
PPS-D-002405,0,0,0,0,0,0,0,0,0,0,0,0,0,0,0,1,0,1,0,0,0,0,0,0,,,,,,,,,,,,,,,,,,,,,,,,
PPS-D-008759,0,0,0,0,0,0,0,0,0,0,0,0,0,0,0,0,0,0,0,0,0,0,0,0,,,,,,,,,,,,,,,,,,,,,,,,
PPS-D-019387,0,0,1,0,0,0,0,0,0,0,0,0,0,0,0,0,0,0,0,0,0,0,0,0,,,관련 분야 3회 이상 실적 보유 기관,,,,,,,,,,,,,,,,,,,,,
PPS-D-001900,0,0,0,0,0,0,0,0,0,0,0,0,1,0,0,0,0,0,0,0,0,0,0,0,,,,,,,,,,,,,"중소기업기본법」제2조에 따른 중소기업자 또는 「소상공인 보호 및 지원에 관한 법률」제2조에 따른 소상공인으로서 「중소기업 범위 및 확인에 관한 규정」에 따라 발급된 중소기업확인서(소기업, 소상공인)를 소지한 업체",,,,,,,,,,,
PPS-D-004982,0,0,0,0,0,0,0,0,0,0,0,0,1,0,0,0,0,0,0,0,0,0,0,0,,,,,,,,,,,,,「중소기업기본법」제2조에 따른 중소기업자 및 「소상공인 보호 및 지원에 관한 법률」제2조에 따른 소상공인으로서 「중·소기업·소상공인 및 장애인 기업 확인요령」에 따라 발급된 중·소기업·소상공인 확인서를 소지한 업체(자),,,,,,,,,,,
PPS-D-008411,0,0,0,0,0,0,0,0,0,0,0,0,0,0,0,0,0,0,0,0,0,0,0,0,,,,,,,,,,,,,,,,,,,,,,,,
PPS-D-019417,0,0,0,0,0,0,0,0,0,0,0,0,0,0,0,0,0,0,0,0,0,0,0,0,,,,,,,,,,,,,,,,,,,,,,,,
PPS-D-015710,0,0,0,0,0,0,1,0,0,0,0,0,1,0,0,0,0,0,0,0,0,0,0,0,,,,,,,본점 소재지(개인사업자인 경우에는 사업자등록증 또는 관련 법령에 따른 허가·인가·면허·등록·신고 등에 관련된 서류에 기재된 사업장의 소재지)를 계속하여 경상북도 또는 대구광역시 또는 경상남도에 두고 있는 업체여야 하며,,,,,,「중소기업기본법」제2조제2항에 따른 소기업 또는「소상공인 보호 및 지원에 관한 법률」제2조에 따른 소상공인으로서,,,,,,,,,,,
PPS-D-001366,0,0,0,0,0,0,0,0,0,0,0,0,1,0,0,0,0,0,0,0,0,0,0,0,,,,,,,,,,,,,"「중소기업기본법」 제2조에 따른 소기업, 「중소기업자 또는 소상공인 보호 및 지원에 관한 법률」 제2조에 따른 소상공인으로서 중소기업 범위 및 확인에 관한 규정에 따라 발급된 소기업·소상공인 확인서를 소지한 업체",,,,,,,,,,,
PPS-D-018958,0,0,0,0,0,0,0,0,0,0,0,0,1,0,0,0,1,0,0,0,0,0,0,0,,,,,,,,,,,,,「중소기업기본법」 제2조제2항에 따른 소기업 또는 「소상공인 기본법」 제2조에 따른 소상공인으로서 「중소기업 범위 및 확인에 관한 규정」에 따라 발급된 ‘소기업 또는 소상공인 확인서’를 소지한 업체이어야 합니다.,,,,「중소기업기본법」 제2조제2항에 따른 소기업 또는 「소상공인 기본법」 제2조에 따른 소상공인으로서 「중소기업 범위 및 확인에 관한 규정」에 따라 발급된 ‘소기업 또는 소상공인 확인서’를 소지한 업체이어야 합니다.,,,,,,,
PPS-D-008097,0,0,0,0,0,0,0,0,1,0,0,0,0,0,0,0,0,0,0,0,0,0,0,0,,,,,,,,,대구 소방헬기(KA-32T) 착륙장치 구매 규격 및 특수조건,,,,,,,,,,,,,,,
PPS-D-018458,0,0,0,0,0,0,0,0,0,0,0,0,0,0,0,0,0,0,0,0,0,0,0,0,,,,,,,,,,,,,,,,,,,,,,,,
PPS-D-003179,0,0,0,0,0,0,0,0,0,0,0,0,1,0,0,0,0,0,0,0,0,0,0,0,,,,,,,,,,,,,「중소기업기본법」 제2조제2항에 따른 소기업 또는 「소상공인 보호 및 지원에 관한 법률」 제2조에 따른 소상공인으로서 「중소기업 범위 및 확인에 관한 규정」에 따라 발급된 소기업·소상공인 확인서를 소지한 업체,,,,,,,,,,,
PPS-D-020354,0,0,0,0,0,0,0,0,0,0,0,0,1,0,0,0,0,0,0,0,0,0,0,0,,,,,,,,,,,,,② 중소기업기본법｣ 제2조에 의한 중기업･소기업 또는 ｢소상공인기본법｣ 제2조에 의한 소상공인으로서 ｢중소기업 범위 및 확인에 관한 규정｣에 따른 확인서를 소지한 자,,,,,,,,,,,
